// Tribe Agency logo (tribeagency.nl), pre-rendered to RGB565 for Adafruit_GFX::drawRGBBitmap.
// Icon #CFE578, wordmark #FEF6EF, anti-aliased onto the background it is drawn on.
// Generated from the site's SVG logo; static data, builds on any OS.
#pragma once
#include <Arduino.h>

// 90x25 on panel green #1D433B (header bar)
#define TRIBELOGOSMALL_W 90
#define TRIBELOGOSMALL_H 25
const uint16_t tribeLogoSmall[2250] PROGMEM = {
  0x1A07, 0x1A07, 0x1A07, 0x1A07, 0x1A07, 0x1A07, 0x1A07, 0x1A07, 0x4B89, 0x5389, 0x2227, 0x1A07,
  0x1A07, 0x1A07, 0x1A07, 0x1A07, 0x2227, 0x53A9, 0x4B49, 0x1A07, 0x1A07, 0x1A07, 0x1A07, 0x1A07,
  0x1A07, 0x1A07, 0x1A07, 0x1A07, 0x1A07, 0x1A07, 0x1A07, 0x1A07, 0x1A07, 0x1A07, 0x1A07, 0x1A07,
  0x1A07, 0x1A07, 0x1A07, 0x1A07, 0x1A07, 0x1A07, 0x1A07, 0x1A07, 0x1A07, 0x1A07, 0x1A07, 0x1A07,
  0x1A07, 0x1A07, 0x1A07, 0x1A07, 0x1A07, 0x1A07, 0x1A07, 0x1A07, 0x1A07, 0x1A07, 0x1A07, 0x1A07,
  0x1A07, 0x1A07, 0x1A07, 0x1A07, 0x1A07, 0x1A07, 0x1A07, 0x1A07, 0x1A07, 0x1A07, 0x1A07, 0x1A07,
  0x1A07, 0x1A07, 0x1A07, 0x1A07, 0x1A07, 0x1A07, 0x1A07, 0x1A07, 0x1A07, 0x1A07, 0x1A07, 0x1A07,
  0x1A07, 0x1A07, 0x1A07, 0x1A07, 0x1A07, 0x1A07, 0x1A07, 0x1A07, 0x1A07, 0x1A07, 0x1A07, 0x1A07,
  0x1A07, 0x84EB, 0xCF2F, 0xCF2F, 0xC6CE, 0x9DCC, 0x84EB, 0x7CAB, 0x850B, 0xA5CD, 0xC6CE, 0xCF2F,
  0xCF2F, 0x748B, 0x1A07, 0x1A07, 0x1A07, 0x1A07, 0x1A07, 0x1A07, 0x1A07, 0x1A07, 0x1A07, 0x1A07,
  0x1A07, 0x1A07, 0x1A07, 0x1A07, 0x1A07, 0x1A07, 0x1A07, 0x1A07, 0x1A07, 0x1A07, 0x1A07, 0x1A07,
  0x1A07, 0x1A07, 0x1A07, 0x1A07, 0x1A07, 0x1A07, 0x1A07, 0x1A07, 0x1A07, 0x1A07, 0x1A07, 0x1A07,
  0x1A07, 0x1A07, 0x1A07, 0x1A07, 0x1A07, 0x1A07, 0x1A07, 0x1A07, 0x1A07, 0x1A07, 0x1A07, 0x1A07,
  0x1A07, 0x1A07, 0x1A07, 0x1A07, 0x1A07, 0x1A07, 0x1A07, 0x1A07, 0x1A07, 0x1A07, 0x1A07, 0x1A07,
  0x1A07, 0x1A07, 0x1A07, 0x1A07, 0x1A07, 0x1A07, 0x1A07, 0x1A07, 0x1A07, 0x1A07, 0x1A07, 0x1A07,
  0x1A07, 0x1A07, 0x1A07, 0x1A07, 0x1A07, 0x3AE8, 0x1A07, 0x1A07, 0x4B69, 0x956C, 0xC6CE, 0xCF2F,
  0xCF2F, 0xCF2F, 0xCF2F, 0xCF2F, 0xC6CE, 0x8D4C, 0x4329, 0x1A07, 0x1A07, 0x3AE8, 0x1A07, 0x1A07,
  0x1A07, 0x1A07, 0x1A07, 0x1A07, 0x1A07, 0x1A07, 0x1A07, 0x1A07, 0x1A07, 0x1A07, 0x1A07, 0x1A07,
  0x1A07, 0x1A07, 0x1A07, 0x1A07, 0x1A07, 0x1A07, 0x1A07, 0x1A07, 0x1A07, 0x1A07, 0x1A07, 0x1A07,
  0x1A07, 0x1A07, 0x1A07, 0x1A07, 0x1A07, 0x1A07, 0x1A07, 0x1A07, 0x1A07, 0x1A07, 0x1A07, 0x1A07,
  0x1A07, 0x1A07, 0x1A07, 0x1A07, 0x1A07, 0x1A07, 0x1A07, 0x1A07, 0x1A07, 0x1A07, 0x1A07, 0x1A07,
  0x1A07, 0x1A07, 0x1A07, 0x1A07, 0x1A07, 0x1A07, 0x1A07, 0x1A07, 0x1A07, 0x1A07, 0x1A07, 0x1A07,
  0x1A07, 0x1A07, 0x1A07, 0x1A07, 0x1A07, 0x1A07, 0x1A07, 0x1A07, 0x1A07, 0x1A07, 0x84EB, 0xCF2F,
  0x956C, 0x3AE8, 0x1A07, 0x1A07, 0x1A27, 0x32C8, 0x4B69, 0x53A9, 0x4B69, 0x32A8, 0x1A07, 0x1A07,
  0x1A07, 0x3B08, 0x9DAC, 0xCF2F, 0x6C6A, 0x1A07, 0x1A07, 0x1A07, 0x1A07, 0x1A07, 0x1A07, 0x1A07,
  0x1A07, 0x1A07, 0x1A07, 0x1A07, 0x1A07, 0x1A07, 0x1A07, 0x1A07, 0x1A07, 0x1A07, 0x1A07, 0x1A07,
  0x1A07, 0x1A07, 0x1A07, 0x1A07, 0x1A07, 0x1A07, 0x1A07, 0x1A07, 0x1A07, 0x1A07, 0x1A07, 0x1A07,
  0x1A07, 0x1A07, 0x1A07, 0x1A07, 0x1A07, 0x1A07, 0x1A07, 0x1A07, 0x1A07, 0x1A07, 0x1A07, 0x1A07,
  0x1A07, 0x1A07, 0x1A07, 0x1A07, 0x1A07, 0x1A07, 0x1A07, 0x1A07, 0x1A07, 0x1A07, 0x1A07, 0x1A07,
  0x1A07, 0x1A07, 0x1A07, 0x1A07, 0x1A07, 0x1A07, 0x1A07, 0x1A07, 0x1A07, 0x1A07, 0x1A07, 0x1A07,
  0x1A07, 0x1A07, 0x1A07, 0x6C4A, 0xCF2F, 0xCF2E, 0xCF2F, 0xCF2F, 0xA5ED, 0x642A, 0x3AE8, 0x2227,
  0x1A07, 0x1A07, 0x1A07, 0x2227, 0x3B08, 0x6C4A, 0xAE0D, 0xCF2F, 0xCF2F, 0xCF2E, 0xCF2F, 0x5BC9,
  0x1A07, 0x1A07, 0x1A07, 0x1A07, 0x1A07, 0x1A07, 0x1A07, 0x1A07, 0x1A07, 0x1A07, 0x1A07, 0x1A07,
  0x1A07, 0x1A07, 0x1A07, 0x1A07, 0x1A07, 0x1A07, 0x1A07, 0x1A07, 0x1A07, 0x1A07, 0x1A07, 0x1A07,
  0x1A07, 0x1A07, 0x1A07, 0x1A07, 0x1A07, 0x1A07, 0x1A07, 0x1A07, 0x1A07, 0x1A07, 0x1A07, 0x1A07,
  0x1A07, 0x1A07, 0x1A07, 0x1A07, 0x1A07, 0x1A07, 0x1A07, 0x1A07, 0x1A07, 0x1A07, 0x1A07, 0x1A07,
  0x1A07, 0x1A07, 0x1A07, 0x1A07, 0x1A07, 0x1A07, 0x1A07, 0x1A07, 0x1A07, 0x1A07, 0x1A07, 0x1A07,
  0x1A07, 0x1A07, 0x1A07, 0x1A07, 0x1A07, 0x1A07, 0x1A07, 0x1A07, 0x3AE8, 0xCF0E, 0xC6EE, 0x3B08,
  0x640A, 0xB64D, 0xCF2F, 0xCF2F, 0xCF2F, 0xCF0E, 0xBE8E, 0xB64D, 0xBE8E, 0xCF2E, 0xCF2F, 0xCF2F,
  0xCF2F, 0xAE2D, 0x5BCA, 0x4349, 0xCF0E, 0xC6EE, 0x32A8, 0x1A07, 0x1A07, 0x1A07, 0x1A07, 0x1A07,
  0x1A07, 0x1A07, 0x1A07, 0x1A07, 0x1A07, 0x1A07, 0x1A07, 0x1A07, 0x1A07, 0x1A07, 0x1A07, 0x1A07,
  0x1A07, 0x1A07, 0x1A07, 0x1A07, 0x1A07, 0x1A07, 0x1A07, 0x1A07, 0x1A07, 0x1A07, 0x1A07, 0x1A07,
  0x1A07, 0x1A07, 0x1A07, 0x1A07, 0x1A07, 0x1A07, 0x1A07, 0x1A07, 0x1A07, 0x1A07, 0x1A07, 0x1A07,
  0x1A07, 0x1A07, 0x1A07, 0x1A07, 0x1A07, 0x1A07, 0x1A07, 0x1A07, 0x1A07, 0x1A07, 0x1A07, 0x1A07,
  0x1A07, 0x1A07, 0x1A07, 0x1A07, 0x1A07, 0x1A07, 0x1A07, 0x1A07, 0x1A07, 0x1A07, 0x1A07, 0x1A07,
  0x1A07, 0x1A07, 0x9DCD, 0xCF2F, 0xA5ED, 0x2AA8, 0x1A07, 0x1A07, 0x3B08, 0x748B, 0x9DAC, 0xB66D,
  0xC6EE, 0xCF2E, 0xC6EE, 0xB64D, 0x9D8C, 0x6C6A, 0x3AE8, 0x1A07, 0x1A07, 0x32C8, 0xAE2D, 0xCF2F,
  0x8D4C, 0x1A07, 0x1A07, 0x1A07, 0x1A07, 0x1A07, 0x1A07, 0x1A07, 0x8CD2, 0x8CF2, 0x8CF2, 0x8CF2,
  0x8CF2, 0x8CF2, 0x8CF2, 0x8CF2, 0x8CF2, 0x8CF2, 0x8CF2, 0x3ACA, 0x1A07, 0x32A9, 0x8CF2, 0x8CF2,
  0x8CF2, 0x8CF2, 0x8CF2, 0x8CF2, 0x8CF2, 0x8CF2, 0x7C71, 0x3ACA, 0x1A07, 0x1A07, 0x1A07, 0x32A9,
  0x8CF2, 0x8CF2, 0x1A07, 0x1A07, 0x536C, 0x8CF2, 0x8CF2, 0x8CF2, 0x8CF2, 0x8CF2, 0x8CF2, 0x8CF2,
  0x7C91, 0x3AEA, 0x1A07, 0x1A07, 0x1A07, 0x1A07, 0x6C0F, 0x8CF2, 0x8CF2, 0x8CF2, 0x8CF2, 0x8CF2,
  0x8CF2, 0x8CF2, 0x8CF2, 0x8CF2, 0x8CF2, 0x3AEA, 0x1A07, 0x1A07, 0x53A9, 0xBEAE, 0xCF2F, 0xCF0E,
  0x850B, 0x4349, 0x1A07, 0x1A07, 0x1A07, 0x1A07, 0x1A07, 0x1A07, 0x1A07, 0x1A07, 0x1A07, 0x1A07,
  0x1A07, 0x4B49, 0x8D4C, 0xCF0E, 0xCF2F, 0xBE8E, 0x4B69, 0x1A07, 0x1A07, 0x1A07, 0x1A07, 0x1A07,
  0x1A07, 0x1A07, 0xFFBD, 0xFFBD, 0xFFBD, 0xFFBD, 0xFFBD, 0xFFBD, 0xFFBD, 0xFFBD, 0xFFBD, 0xFFBD,
  0xFFBD, 0x5BAD, 0x1A07, 0x4B4C, 0xFFBD, 0xFFBD, 0xFFBD, 0xFFBD, 0xFFBD, 0xFFBD, 0xFFBD, 0xFFBD,
  0xFFBD, 0xFF9D, 0x63EE, 0x1A07, 0x1A07, 0x536C, 0xFFBD, 0xFFBD, 0x2227, 0x1A07, 0x8CD2, 0xFFBD,
  0xFFBD, 0xFFBD, 0xFFBD, 0xFFBD, 0xFFBD, 0xFFBD, 0xFFBD, 0xFFBD, 0x742F, 0x1A07, 0x1A07, 0x1A07,
  0xBE17, 0xFFBD, 0xFFBD, 0xFFBD, 0xFFBD, 0xFFBD, 0xFFBD, 0xFFBD, 0xFFBD, 0xFFBD, 0xFFBD, 0x63EE,
  0x1A07, 0x2247, 0x1A07, 0x2247, 0x748B, 0xC6CE, 0xCF2F, 0xCF2F, 0xBE8E, 0x8D4C, 0x6C2A, 0x5389,
  0x32A8, 0x1A07, 0x32C8, 0x53A9, 0x6C4A, 0x8D6C, 0xBEAE, 0xCF2F, 0xCF2F, 0xC6AE, 0x6C6A, 0x2247,
  0x1A07, 0x2247, 0x1A07, 0x1A07, 0x1A07, 0x1A07, 0x1A07, 0x1A07, 0xADB6, 0xB5D6, 0xB5D6, 0xB5D6,
  0xD6B9, 0xFFBD, 0xEF5C, 0xB5D6, 0xB5D6, 0xB5D6, 0xB5D6, 0x432B, 0x1A07, 0x4B4C, 0xFFBD, 0xFFBD,
  0xB5D6, 0xB5D6, 0xB5D6, 0xB5D6, 0xB5D6, 0xB5D6, 0xDEFA, 0xFFBD, 0xEF3C, 0x2227, 0x1A07, 0x536C,
  0xFFBD, 0xFFBD, 0x2227, 0x1A07, 0x8CD2, 0xFFBD, 0xEF5C, 0xB5D6, 0xB5D6, 0xB5D6, 0xB5D6, 0xB5D6,
  0xDEBA, 0xFFBD, 0xF77C, 0x2A68, 0x1A07, 0x1A07, 0xBE17, 0xFFBD, 0xDEDA, 0xB5D6, 0xB5D6, 0xB5D6,
  0xB5D6, 0xB5D6, 0xB5D6, 0xB5D6, 0xB5D6, 0x4B4C, 0x1A07, 0xAE2D, 0x7CAB, 0x2247, 0x1A07, 0x2247,
  0x640A, 0xA5CC, 0xCF0E, 0xCF2F, 0xCF2F, 0xCF2F, 0x84EB, 0x1A07, 0x8D4C, 0xCF2F, 0xCF2F, 0xCF2F,
  0xCEEE, 0x9DAC, 0x5BEA, 0x2227, 0x1A07, 0x2267, 0x84EB, 0xA5CD, 0x1A07, 0x1A07, 0x1A07, 0x1A07,
  0x1A07, 0x1A07, 0x1A07, 0x1A07, 0x1A07, 0x1A07, 0x8CD2, 0xFFBD, 0xCE78, 0x1A07, 0x1A07, 0x1A07,
  0x1A07, 0x1A07, 0x1A07, 0x4B4C, 0xFFBD, 0xFFBD, 0x2248, 0x1A07, 0x1A07, 0x1A07, 0x1A07, 0x1A07,
  0x2A89, 0xFFBD, 0xFFBD, 0x4B2B, 0x1A07, 0x536C, 0xFFBD, 0xFFBD, 0x2227, 0x1A07, 0x8CD2, 0xFFBD,
  0xCE79, 0x1A07, 0x1A07, 0x1A07, 0x1A07, 0x1A07, 0x2248, 0xFF9D, 0xFFBD, 0x5BAD, 0x1A07, 0x1A07,
  0xBE17, 0xFFBD, 0x9D33, 0x1A07, 0x1A07, 0x1A07, 0x1A07, 0x1A07, 0x1A07, 0x1A07, 0x1A07, 0x1A07,
  0x2227, 0xC6CE, 0xCF2F, 0xC6CE, 0x746A, 0x2A67, 0x1A07, 0x1A07, 0x2247, 0x4B49, 0x84EB, 0xCF2F,
  0x84EB, 0x1A07, 0x8D4C, 0xCF2F, 0x74AB, 0x4329, 0x2247, 0x1A07, 0x1A07, 0x2A88, 0x7CAB, 0xC6EE,
  0xCF2F, 0xBE8E, 0x1A07, 0x1A07, 0x1A07, 0x1A07, 0x1A07, 0x1A07, 0x1A07, 0x1A07, 0x1A07, 0x1A07,
  0x8CD2, 0xFFBD, 0xCE78, 0x1A07, 0x1A07, 0x1A07, 0x1A07, 0x1A07, 0x1A07, 0x4B4C, 0xFFBD, 0xFFBD,
  0x2248, 0x1A07, 0x1A07, 0x1A07, 0x1A07, 0x1A07, 0x2A68, 0xFFBD, 0xFFBD, 0x4B4C, 0x1A07, 0x536C,
  0xFFBD, 0xFFBD, 0x2227, 0x1A07, 0x8CD2, 0xFFBD, 0xCE79, 0x1A07, 0x1A07, 0x1A07, 0x1A07, 0x1A07,
  0x2227, 0xFF9D, 0xFFBD, 0x5BAD, 0x1A07, 0x1A07, 0xBE17, 0xFFBD, 0x9D33, 0x1A07, 0x1A07, 0x1A07,
  0x1A07, 0x1A07, 0x1A07, 0x1A07, 0x1A07, 0x1A07, 0x1A07, 0x2A67, 0x850B, 0xCF0E, 0xCF2F, 0xCF0E,
  0x958C, 0x5BCA, 0x2A88, 0x1A07, 0x4B69, 0xCF2F, 0x84EB, 0x1A07, 0x8D4C, 0xCF2F, 0x3AE8, 0x1A07,
  0x32A8, 0x5BEA, 0x9DAC, 0xCF0E, 0xCF2F, 0xCEEE, 0x7CCB, 0x2247, 0x1A07, 0x1A07, 0x1A07, 0x1A07,
  0x1A07, 0x1A07, 0x1A07, 0x1A07, 0x1A07, 0x1A07, 0x8CD2, 0xFFBD, 0xCE78, 0x1A07, 0x1A07, 0x1A07,
  0x1A07, 0x1A07, 0x1A07, 0x4B4C, 0xFFBD, 0xFFBD, 0xA575, 0xA574, 0xA574, 0xA574, 0xA574, 0xA574,
  0xD699, 0xFFBD, 0xEF5C, 0x2248, 0x1A07, 0x536C, 0xFFBD, 0xFFBD, 0x2227, 0x1A07, 0x8CD2, 0xFFBD,
  0xEF3B, 0xA574, 0xA574, 0xA574, 0xA574, 0xA574, 0xCE78, 0xFFBD, 0xEF3C, 0x2248, 0x1A07, 0x1A07,
  0xBE17, 0xFFBD, 0xD6B9, 0xA574, 0xA574, 0xA574, 0xA574, 0xA574, 0xA574, 0x2248, 0x1A07, 0x1A07,
  0x1A07, 0x1A07, 0x1A07, 0x4329, 0xC6CE, 0xCF2F, 0xCF2F, 0xCF2F, 0xC6CE, 0x1A07, 0x4B69, 0xCF2F,
  0x84EB, 0x1A07, 0x8D4C, 0xCF2F, 0x3AE8, 0x1A07, 0xCF2F, 0xCF2F, 0xCF2F, 0xCF2F, 0xBEAE, 0x3AE8,
  0x1A07, 0x1A07, 0x1A07, 0x1A07, 0x1A07, 0x1A07, 0x1A07, 0x1A07, 0x1A07, 0x1A07, 0x1A07, 0x1A07,
  0x8CD2, 0xFFBD, 0xCE78, 0x1A07, 0x1A07, 0x1A07, 0x1A07, 0x1A07, 0x1A07, 0x4B4C, 0xFFBD, 0xFFBD,
  0xFFBD, 0xFFBD, 0xFFBD, 0xFFBD, 0xFFBD, 0xFFBD, 0xFFBD, 0xFF9D, 0x6C0F, 0x1A07, 0x1A07, 0x536C,
  0xFFBD, 0xFFBD, 0x2227, 0x1A07, 0x8CD2, 0xFFBD, 0xFFBD, 0xFFBD, 0xFFBD, 0xFFBD, 0xFFBD, 0xFFBD,
  0xFFBD, 0xFFBD, 0xADB5, 0x1A07, 0x1A07, 0x1A07, 0xBE17, 0xFFBD, 0xFFBD, 0xFFBD, 0xFFBD, 0xFFBD,
  0xFFBD, 0xFFBD, 0xFFBD, 0x2A68, 0x1A07, 0x1A07, 0x1A07, 0x2A67, 0x850B, 0xCF0E, 0xCF2F, 0xCF0E,
  0x958C, 0x5BEA, 0x2A88, 0x1A07, 0x4B69, 0xCF2F, 0x84EB, 0x1A07, 0x8D4C, 0xCF2F, 0x3AE8, 0x1A07,
  0x32A8, 0x5C0A, 0x9DAC, 0xCF0E, 0xCF2F, 0xC6EE, 0x7CCB, 0x2247, 0x1A07, 0x1A07, 0x1A07, 0x1A07,
  0x1A07, 0x1A07, 0x1A07, 0x1A07, 0x1A07, 0x1A07, 0x8CD2, 0xFFBD, 0xCE78, 0x1A07, 0x1A07, 0x1A07,
  0x1A07, 0x1A07, 0x1A07, 0x4B4C, 0xFFBD, 0xFFBD, 0xA574, 0x9D54, 0x9D54, 0xA554, 0xFFBD, 0xFFBD,
  0xBE17, 0x432B, 0x1A07, 0x1A07, 0x1A07, 0x536C, 0xFFBD, 0xFFBD, 0x2227, 0x1A07, 0x8CD2, 0xFFBD,
  0xEF3B, 0x9D54, 0x9D54, 0x9D54, 0x9D54, 0x9D54, 0xA575, 0xF77C, 0xFFBD, 0x7C70, 0x1A07, 0x1A07,
  0xBE17, 0xFFBD, 0xD699, 0x9D54, 0x9D54, 0x9D54, 0x9D54, 0x9D54, 0x9D54, 0x2248, 0x1A07, 0x1A07,
  0x2227, 0xC6CE, 0xCF2F, 0xC6CE, 0x748B, 0x2A67, 0x1A07, 0x1A07, 0x2247, 0x1A07, 0x4B69, 0xCF2F,
  0x84EB, 0x1A07, 0x8D4C, 0xCF2F, 0x3AE8, 0x1A07, 0x2247, 0x1A07, 0x1A07, 0x2A88, 0x7CAB, 0xC6EE,
  0xCF2F, 0xBE8E, 0x1A07, 0x1A07, 0x1A07, 0x1A07, 0x1A07, 0x1A07, 0x1A07, 0x1A07, 0x1A07, 0x1A07,
  0x8CD2, 0xFFBD, 0xCE78, 0x1A07, 0x1A07, 0x1A07, 0x1A07, 0x1A07, 0x1A07, 0x4B4C, 0xFFBD, 0xFFBD,
  0x2248, 0x1A07, 0x1A07, 0x1A07, 0xA574, 0xFFBD, 0xDEDA, 0x2227, 0x1A07, 0x1A07, 0x1A07, 0x536C,
  0xFFBD, 0xFFBD, 0x2227, 0x1A07, 0x8CD2, 0xFFBD, 0xCE79, 0x1A07, 0x1A07, 0x1A07, 0x1A07, 0x1A07,
  0x1A07, 0x9513, 0xFFBD, 0xC638, 0x1A07, 0x1A07, 0xBE17, 0xFFBD, 0x9D33, 0x1A07, 0x1A07, 0x1A07,
  0x1A07, 0x1A07, 0x1A07, 0x1A07, 0x1A07, 0x1A07, 0x1A07, 0xAE2D, 0x7CAB, 0x2247, 0x1A07, 0x2247,
  0x640A, 0xA5CD, 0xC6AE, 0x1A07, 0x4B69, 0xCF2F, 0x84EB, 0x1A07, 0x8D4C, 0xCF2F, 0x3AE8, 0x1A07,
  0xCEEE, 0x9DAC, 0x5BEA, 0x2227, 0x1A07, 0x2A67, 0x84EB, 0xA5CD, 0x1A07, 0x1A07, 0x1A07, 0x1A07,
  0x1A07, 0x1A07, 0x1A07, 0x1A07, 0x1A07, 0x1A07, 0x8CD2, 0xFFBD, 0xCE78, 0x1A07, 0x1A07, 0x1A07,
  0x1A07, 0x1A07, 0x1A07, 0x4B4C, 0xFFBD, 0xFFBD, 0x2248, 0x1A07, 0x1A07, 0x1A07, 0x2A89, 0xF75C,
  0xFFBD, 0x84B2, 0x1A07, 0x1A07, 0x1A07, 0x536C, 0xFFBD, 0xFFBD, 0x2227, 0x1A07, 0x8CD2, 0xFFBD,
  0xCE79, 0x1A07, 0x1A07, 0x1A07, 0x1A07, 0x1A07, 0x1A07, 0x9D34, 0xFFBD, 0xC637, 0x1A07, 0x1A07,
  0xBE17, 0xFFBD, 0x9D33, 0x1A07, 0x1A07, 0x1A07, 0x1A07, 0x1A07, 0x1A07, 0x1A07, 0x1A07, 0x1A07,
  0x1A07, 0x2247, 0x1A07, 0x2247, 0x748B, 0xC6CE, 0xCF2F, 0xCF2F, 0xB64D, 0x1A07, 0x4B69, 0xCF2F,
  0x84EB, 0x1A07, 0x8D4C, 0xCF2F, 0x3AE8, 0x1A07, 0xBEAE, 0xCF2F, 0xCF2F, 0xC6AE, 0x6C6A, 0x2247,
  0x1A07, 0x2247, 0x1A07, 0x1A07, 0x1A07, 0x1A07, 0x1A07, 0x1A07, 0x1A07, 0x1A07, 0x1A07, 0x1A07,
  0x8CD2, 0xFFBD, 0xCE78, 0x1A07, 0x1A07, 0x1A07, 0x1A07, 0x1A07, 0x1A07, 0x4B4C, 0xFFBD, 0xFFBD,
  0x2248, 0x1A07, 0x1A07, 0x1A07, 0x1A07, 0x7C91, 0xFFBD, 0xF77C, 0x32A9, 0x1A07, 0x1A07, 0x536C,
  0xFFBD, 0xFFBD, 0x2227, 0x1A07, 0x8CD2, 0xFFBD, 0xEF5C, 0xB5D6, 0xB5D6, 0xB5D6, 0xB5D6, 0xB5D6,
  0xBE17, 0xFF9D, 0xFFBD, 0x84B1, 0x1A07, 0x1A07, 0xBE17, 0xFFBD, 0xDEDA, 0xB5D6, 0xB5D6, 0xB5D6,
  0xB5D6, 0xB5D6, 0xB5D6, 0xB5D6, 0xB5D6, 0x4B4C, 0x1A07, 0x1A07, 0x53A9, 0xBEAE, 0xCF2F, 0xC6EE,
  0x850B, 0x3B08, 0x1A07, 0x1A07, 0x4B69, 0xCF2F, 0x84EB, 0x1A07, 0x8D4C, 0xCF2F, 0x3AE8, 0x1A07,
  0x1A07, 0x4329, 0x8D4C, 0xCF0E, 0xCF2F, 0xBE8D, 0x4B69, 0x1A07, 0x1A07, 0x1A07, 0x1A07, 0x1A07,
  0x1A07, 0x1A07, 0x1A07, 0x1A07, 0x1A07, 0x1A07, 0x8CD2, 0xFFBD, 0xCE78, 0x1A07, 0x1A07, 0x1A07,
  0x1A07, 0x1A07, 0x1A07, 0x4B4C, 0xFFBD, 0xFFBD, 0x2248, 0x1A07, 0x1A07, 0x1A07, 0x1A07, 0x2227,
  0xDEDA, 0xFFBD, 0xB5D6, 0x1A07, 0x1A07, 0x536C, 0xFFBD, 0xFFBD, 0x2227, 0x1A07, 0x8CD2, 0xFFBD,
  0xFFBD, 0xFFBD, 0xFFBD, 0xFFBD, 0xFFBD, 0xFFBD, 0xFFBD, 0xFFBD, 0xCE78, 0x2248, 0x1A07, 0x1A07,
  0xBE17, 0xFFBD, 0xFFBD, 0xFFBD, 0xFFBD, 0xFFBD, 0xFFBD, 0xFFBD, 0xFFBD, 0xFFBD, 0xFFBD, 0x63CE,
  0x1A07, 0x1A07, 0x9DAC, 0xCF2E, 0x850B, 0x2A88, 0x1A07, 0x1A07, 0x3AE8, 0x1A07, 0x4B69, 0xCF2F,
  0xCF2E, 0xCF2E, 0xCF2E, 0xCF2F, 0x3AE8, 0x1A07, 0x3AE8, 0x1A07, 0x1A07, 0x32A8, 0x8D4C, 0xCF2F,
  0x8D4C, 0x1A07, 0x1A07, 0x1A07, 0x1A07, 0x1A07, 0x1A07, 0x1A07, 0x1A07, 0x1A07, 0x1A07, 0x1A07,
  0x536C, 0x8CF2, 0x7450, 0x1A07, 0x1A07, 0x1A07, 0x1A07, 0x1A07, 0x1A07, 0x32A9, 0x8CF2, 0x8CF2,
  0x2227, 0x1A07, 0x1A07, 0x1A07, 0x1A07, 0x1A07, 0x4B4C, 0x8CF2, 0x8CF2, 0x2A68, 0x1A07, 0x32A9,
  0x8CF2, 0x8CF2, 0x1A07, 0x1A07, 0x536C, 0x8CD2, 0x8CD2, 0x8CD2, 0x8CD2, 0x8CD2, 0x8CD2, 0x8CD2,
  0x8CD2, 0x63CE, 0x1A27, 0x1A07, 0x1A07, 0x1A07, 0x6C0F, 0x8CF2, 0x8CF2, 0x8CF2, 0x8CF2, 0x8CF2,
  0x8CF2, 0x8CF2, 0x8CF2, 0x8CF2, 0x8CF2, 0x3AEA, 0x1A07, 0x1A07, 0x3AC8, 0x4329, 0x1A07, 0x2227,
  0x642A, 0xB66D, 0xC6CE, 0x1A07, 0x4B69, 0xCF0E, 0xBE8E, 0xB64D, 0xBE8E, 0xCF0E, 0x3AE8, 0x1A07,
  0xCF2F, 0xAE2D, 0x5BEA, 0x1A27, 0x1A07, 0x4B69, 0x32A8, 0x1A07, 0x1A07, 0x1A07, 0x1A07, 0x1A07,
  0x1A07, 0x1A07, 0x1A07, 0x1A07, 0x1A07, 0x1A07, 0x1A07, 0x1A07, 0x1A07, 0x1A07, 0x1A07, 0x1A07,
  0x1A07, 0x1A07, 0x1A07, 0x1A07, 0x1A07, 0x1A07, 0x1A07, 0x1A07, 0x1A07, 0x1A07, 0x1A07, 0x1A07,
  0x1A07, 0x1A07, 0x1A07, 0x1A07, 0x1A07, 0x1A07, 0x1A07, 0x1A07, 0x1A07, 0x1A07, 0x1A07, 0x1A07,
  0x1A07, 0x1A07, 0x1A07, 0x1A07, 0x1A07, 0x1A07, 0x1A07, 0x1A07, 0x1A07, 0x1A07, 0x1A07, 0x1A07,
  0x1A07, 0x1A07, 0x1A07, 0x1A07, 0x1A07, 0x1A07, 0x1A07, 0x1A07, 0x1A07, 0x1A07, 0x1A07, 0x1A07,
  0x1A07, 0x1A07, 0x1A07, 0x1A07, 0x4B69, 0xB66D, 0xCF2F, 0xCF2F, 0x9DAC, 0x1A07, 0x2227, 0x1A27,
  0x1A07, 0x1A07, 0x1A07, 0x2227, 0x1A27, 0x1A07, 0xA60D, 0xCF2F, 0xCF2F, 0xB64D, 0x4328, 0x1A07,
  0x1A07, 0x1A07, 0x1A07, 0x1A07, 0x1A07, 0x1A07, 0x1A07, 0x1A07, 0x1A07, 0x1A07, 0x1A07, 0x1A07,
  0x1A07, 0x1A07, 0x1A07, 0x1A07, 0x1A07, 0x1A07, 0x1A07, 0x1A07, 0x1A07, 0x1A07, 0x1A07, 0x1A07,
  0x1A07, 0x1A07, 0x1A07, 0x1A07, 0x1A07, 0x1A07, 0x1A07, 0x1A07, 0x1A07, 0x1A07, 0x1A07, 0x1A07,
  0x1A07, 0x1A07, 0x1A07, 0x1A07, 0x1A07, 0x1A07, 0x1A07, 0x1A07, 0x1A07, 0x1A07, 0x1A07, 0x1A07,
  0x1A07, 0x1A07, 0x1A07, 0x1A07, 0x1A07, 0x1A07, 0x1A07, 0x1A07, 0x1A07, 0x1A07, 0x1A07, 0x1A07,
  0x1A07, 0x1A07, 0x1A07, 0x1A07, 0x1A07, 0x1A07, 0x1A07, 0x1A07, 0x1A07, 0x1A07, 0x7CCB, 0xCF2F,
  0x958C, 0x3AE8, 0x1A07, 0x1A07, 0x1A27, 0x32C8, 0x4B69, 0x53A9, 0x4B69, 0x32A8, 0x1A07, 0x1A07,
  0x1A07, 0x3B08, 0x9DAC, 0xCF2F, 0x6C6A, 0x1A07, 0x1A07, 0x1A07, 0x1A07, 0x1A07, 0x1A07, 0x1A07,
  0x1A07, 0x1A07, 0x1A07, 0x1A07, 0x1A07, 0x1A07, 0x1A07, 0x1A07, 0x1A07, 0x1A07, 0x1A07, 0x1A07,
  0x1A07, 0x1A07, 0x1A07, 0x1A07, 0x1A07, 0x1A07, 0x1A07, 0x1A07, 0x1A07, 0x1A07, 0x1A07, 0x1A07,
  0x1A07, 0x1A07, 0x1A07, 0x1A07, 0x1A07, 0x1A07, 0x1A07, 0x1A07, 0x1A07, 0x1A07, 0x1A07, 0x1A07,
  0x1A07, 0x1A07, 0x1A07, 0x1A07, 0x1A07, 0x1A07, 0x1A07, 0x1A07, 0x1A07, 0x1A07, 0x1A07, 0x1A07,
  0x1A07, 0x1A07, 0x1A07, 0x1A07, 0x1A07, 0x1A07, 0x1A07, 0x1A07, 0x1A07, 0x1A07, 0x1A07, 0x1A07,
  0x1A07, 0x1A07, 0x1A07, 0x1A07, 0x1A07, 0x3AE8, 0x1A07, 0x1A07, 0x4B69, 0x956C, 0xC6CE, 0xCF2F,
  0xCF2F, 0xCF2F, 0xCF2F, 0xCF2F, 0xC6CE, 0x8D4C, 0x4329, 0x1A07, 0x1A07, 0x3AE8, 0x1A07, 0x1A07,
  0x1A07, 0x1A07, 0x1A07, 0x1A07, 0x1A07, 0x1A07, 0x1A07, 0x1A07, 0x1A07, 0x1A07, 0x1A07, 0x1A07,
  0x1A07, 0x1A07, 0x1A07, 0x1A07, 0x1A07, 0x1A07, 0x1A07, 0x1A07, 0x1A07, 0x1A07, 0x1A07, 0x1A07,
  0x1A07, 0x1A07, 0x1A07, 0x1A07, 0x1A07, 0x1A07, 0x1A07, 0x1A07, 0x1A07, 0x1A07, 0x1A07, 0x1A07,
  0x1A07, 0x1A07, 0x1A07, 0x1A07, 0x1A07, 0x1A07, 0x1A07, 0x1A07, 0x1A07, 0x1A07, 0x1A07, 0x1A07,
  0x1A07, 0x1A07, 0x1A07, 0x1A07, 0x1A07, 0x1A07, 0x1A07, 0x1A07, 0x1A07, 0x1A07, 0x1A07, 0x1A07,
  0x1A07, 0x1A07, 0x1A07, 0x1A07, 0x1A07, 0x1A07, 0x1A07, 0x1A07, 0x1A07, 0x1A07, 0x1A07, 0x1A07,
  0x1A07, 0x84EB, 0xCF2F, 0xCF2F, 0xC6CE, 0x9DCC, 0x84EB, 0x7CAB, 0x850B, 0xA5CD, 0xC6CE, 0xCF2F,
  0xCF2F, 0x748B, 0x1A07, 0x1A07, 0x1A07, 0x1A07, 0x1A07, 0x1A07, 0x1A07, 0x1A07, 0x1A07, 0x1A07,
  0x1A07, 0x1A07, 0x1A07, 0x1A07, 0x1A07, 0x1A07, 0x1A07, 0x1A07, 0x1A07, 0x1A07, 0x1A07, 0x1A07,
  0x1A07, 0x1A07, 0x1A07, 0x1A07, 0x1A07, 0x1A07, 0x1A07, 0x1A07, 0x1A07, 0x1A07, 0x1A07, 0x1A07,
  0x1A07, 0x1A07, 0x1A07, 0x1A07, 0x1A07, 0x1A07, 0x1A07, 0x1A07, 0x1A07, 0x1A07, 0x1A07, 0x1A07,
  0x1A07, 0x1A07, 0x1A07, 0x1A07, 0x1A07, 0x1A07, 0x1A07, 0x1A07, 0x1A07, 0x1A07, 0x1A07, 0x1A07,
  0x1A07, 0x1A07, 0x1A07, 0x1A07, 0x1A07, 0x1A07, 0x1A07, 0x1A07, 0x1A07, 0x1A07, 0x1A07, 0x1A07,
  0x1A07, 0x1A07, 0x1A07, 0x1A07, 0x1A07, 0x1A07, 0x1A07, 0x1A07, 0x4B69, 0x5389, 0x2227, 0x1A07,
  0x1A07, 0x1A07, 0x1A07, 0x1A07, 0x2227, 0x53A9, 0x4B49, 0x1A07, 0x1A07, 0x1A07, 0x1A07, 0x1A07,
  0x1A07, 0x1A07, 0x1A07, 0x1A07, 0x1A07, 0x1A07, 0x1A07, 0x1A07, 0x1A07, 0x1A07, 0x1A07, 0x1A07,
  0x1A07, 0x1A07, 0x1A07, 0x1A07, 0x1A07, 0x1A07, 0x1A07, 0x1A07, 0x1A07, 0x1A07, 0x1A07, 0x1A07,
  0x1A07, 0x1A07, 0x1A07, 0x1A07, 0x1A07, 0x1A07, 0x1A07, 0x1A07, 0x1A07, 0x1A07, 0x1A07, 0x1A07,
  0x1A07, 0x1A07, 0x1A07, 0x1A07, 0x1A07, 0x1A07, 0x1A07, 0x1A07, 0x1A07, 0x1A07, 0x1A07, 0x1A07,
  0x1A07, 0x1A07, 0x1A07, 0x1A07, 0x1A07, 0x1A07, 0x1A07, 0x1A07, 0x1A07, 0x1A07, 0x1A07, 0x1A07,
  0x1A07, 0x1A07, 0x1A07, 0x1A07, 0x1A07, 0x1A07
};

// 216x60 on black #000000 (boot splash)
#define TRIBELOGOLARGE_W 216
#define TRIBELOGOLARGE_H 60
const uint16_t tribeLogoLarge[12960] PROGMEM = {
  0x0000, 0x0000, 0x0000, 0x0000, 0x0000, 0x0000, 0x0000, 0x0000, 0x0000, 0x0000, 0x0000, 0x0000,
  0x0000, 0x0000, 0x0000, 0x0000, 0x0000, 0x0000, 0x0000, 0x0000, 0x0000, 0x0000, 0x0000, 0x0000,
  0x0000, 0x0000, 0x0000, 0x0000, 0x0000, 0x0000, 0x0000, 0x0000, 0x0000, 0x0000, 0x0000, 0x0000,
  0x0000, 0x0000, 0x0000, 0x0000, 0x0000, 0x0000, 0x0000, 0x0000, 0x0000, 0x0000, 0x0000, 0x0000,
  0x0000, 0x0000, 0x0000, 0x0000, 0x0000, 0x0000, 0x0000, 0x0000, 0x0000, 0x0000, 0x0000, 0x0000,
  0x0000, 0x0000, 0x0000, 0x0000, 0x0000, 0x0000, 0x0000, 0x0000, 0x0000, 0x0000, 0x0000, 0x0000,
  0x0000, 0x0000, 0x0000, 0x0000, 0x0000, 0x0000, 0x0000, 0x0000, 0x0000, 0x0000, 0x0000, 0x0000,
  0x0000, 0x0000, 0x0000, 0x0000, 0x0000, 0x0000, 0x0000, 0x0000, 0x0000, 0x0000, 0x0000, 0x0000,
  0x0000, 0x0000, 0x0000, 0x0000, 0x0000, 0x0000, 0x0000, 0x0000, 0x0000, 0x0000, 0x0000, 0x0000,
  0x0000, 0x0000, 0x0000, 0x0000, 0x0000, 0x0000, 0x0000, 0x0000, 0x0000, 0x0000, 0x0000, 0x0000,
  0x0000, 0x0000, 0x0000, 0x0000, 0x0000, 0x0000, 0x0000, 0x0000, 0x0000, 0x0000, 0x0000, 0x0000,
  0x0000, 0x0000, 0x0000, 0x0000, 0x0000, 0x0000, 0x0000, 0x0000, 0x0000, 0x0000, 0x0000, 0x0000,
  0x0000, 0x0000, 0x0000, 0x0000, 0x0000, 0x0000, 0x0000, 0x0000, 0x0000, 0x0000, 0x0000, 0x0000,
  0x0000, 0x0000, 0x0000, 0x0000, 0x0000, 0x0000, 0x0000, 0x0000, 0x0000, 0x0000, 0x0000, 0x0000,
  0x0000, 0x0000, 0x0000, 0x0000, 0x0000, 0x0000, 0x0000, 0x0000, 0x0000, 0x0000, 0x0000, 0x0000,
  0x0000, 0x0000, 0x0000, 0x0000, 0x0000, 0x0000, 0x0000, 0x0000, 0x0000, 0x0000, 0x0000, 0x0000,
  0x0000, 0x0000, 0x0000, 0x0000, 0x0000, 0x0000, 0x0000, 0x0000, 0x0000, 0x0000, 0x0000, 0x0000,
  0x0000, 0x0000, 0x0000, 0x0000, 0x0000, 0x0000, 0x0000, 0x0000, 0x0000, 0x0000, 0x0000, 0x0000,
  0x0000, 0x0000, 0x0000, 0x0000, 0x0000, 0x0000, 0x0000, 0x0000, 0x0000, 0x0000, 0x0000, 0x0000,
  0x0000, 0x0000, 0x0000, 0x0000, 0x0000, 0x0000, 0x0000, 0x0020, 0x4AC5, 0x94EA, 0x4AA5, 0x0020,
  0x0000, 0x0000, 0x0000, 0x0000, 0x0000, 0x0000, 0x0000, 0x0000, 0x0000, 0x0000, 0x0000, 0x0000,
  0x0000, 0x0000, 0x0000, 0x0000, 0x0000, 0x18C1, 0x6BC7, 0x84A9, 0x2983, 0x0000, 0x0000, 0x0000,
  0x0000, 0x0000, 0x0000, 0x0000, 0x0000, 0x0000, 0x0000, 0x0000, 0x0000, 0x0000, 0x0000, 0x0000,
  0x0000, 0x0000, 0x0000, 0x0000, 0x0000, 0x0000, 0x0000, 0x0000, 0x0000, 0x0000, 0x0000, 0x0000,
  0x0000, 0x0000, 0x0000, 0x0000, 0x0000, 0x0000, 0x0000, 0x0000, 0x0000, 0x0000, 0x0000, 0x0000,
  0x0000, 0x0000, 0x0000, 0x0000, 0x0000, 0x0000, 0x0000, 0x0000, 0x0000, 0x0000, 0x0000, 0x0000,
  0x0000, 0x0000, 0x0000, 0x0000, 0x0000, 0x0000, 0x0000, 0x0000, 0x0000, 0x0000, 0x0000, 0x0000,
  0x0000, 0x0000, 0x0000, 0x0000, 0x0000, 0x0000, 0x0000, 0x0000, 0x0000, 0x0000, 0x0000, 0x0000,
  0x0000, 0x0000, 0x0000, 0x0000, 0x0000, 0x0000, 0x0000, 0x0000, 0x0000, 0x0000, 0x0000, 0x0000,
  0x0000, 0x0000, 0x0000, 0x0000, 0x0000, 0x0000, 0x0000, 0x0000, 0x0000, 0x0000, 0x0000, 0x0000,
  0x0000, 0x0000, 0x0000, 0x0000, 0x0000, 0x0000, 0x0000, 0x0000, 0x0000, 0x0000, 0x0000, 0x0000,
  0x0000, 0x0000, 0x0000, 0x0000, 0x0000, 0x0000, 0x0000, 0x0000, 0x0000, 0x0000, 0x0000, 0x0000,
  0x0000, 0x0000, 0x0000, 0x0000, 0x0000, 0x0000, 0x0000, 0x0000, 0x0000, 0x0000, 0x0000, 0x0000,
  0x0000, 0x0000, 0x0000, 0x0000, 0x0000, 0x0000, 0x0000, 0x0000, 0x0000, 0x0000, 0x0000, 0x0000,
  0x0000, 0x0000, 0x0000, 0x0000, 0x0000, 0x0000, 0x0000, 0x0000, 0x0000, 0x0000, 0x0000, 0x0000,
  0x0000, 0x0000, 0x0000, 0x0000, 0x0000, 0x0000, 0x0000, 0x0000, 0x0000, 0x0000, 0x0000, 0x0000,
  0x0000, 0x0000, 0x0000, 0x0000, 0x0000, 0x0000, 0x0000, 0x0000, 0x0000, 0x0000, 0x0000, 0x0000,
  0x0000, 0x0000, 0x0000, 0x0000, 0x0000, 0x0020, 0x5B26, 0xBE8D, 0xCF2F, 0xCF2F, 0xCF2F, 0xC6AE,
  0x84A9, 0x4265, 0x10A1, 0x0000, 0x0000, 0x0000, 0x0000, 0x0000, 0x0000, 0x0000, 0x0000, 0x0000,
  0x0000, 0x0000, 0x2122, 0x5B26, 0x9D6B, 0xCF0E, 0xCF2F, 0xCF2F, 0xCF2F, 0x9D8B, 0x31A3, 0x0000,
  0x0000, 0x0000, 0x0000, 0x0000, 0x0000, 0x0000, 0x0000, 0x0000, 0x0000, 0x0000, 0x0000, 0x0000,
  0x0000, 0x0000, 0x0000, 0x0000, 0x0000, 0x0000, 0x0000, 0x0000, 0x0000, 0x0000, 0x0000, 0x0000,
  0x0000, 0x0000, 0x0000, 0x0000, 0x0000, 0x0000, 0x0000, 0x0000, 0x0000, 0x0000, 0x0000, 0x0000,
  0x0000, 0x0000, 0x0000, 0x0000, 0x0000, 0x0000, 0x0000, 0x0000, 0x0000, 0x0000, 0x0000, 0x0000,
  0x0000, 0x0000, 0x0000, 0x0000, 0x0000, 0x0000, 0x0000, 0x0000, 0x0000, 0x0000, 0x0000, 0x0000,
  0x0000, 0x0000, 0x0000, 0x0000, 0x0000, 0x0000, 0x0000, 0x0000, 0x0000, 0x0000, 0x0000, 0x0000,
  0x0000, 0x0000, 0x0000, 0x0000, 0x0000, 0x0000, 0x0000, 0x0000, 0x0000, 0x0000, 0x0000, 0x0000,
  0x0000, 0x0000, 0x0000, 0x0000, 0x0000, 0x0000, 0x0000, 0x0000, 0x0000, 0x0000, 0x0000, 0x0000,
  0x0000, 0x0000, 0x0000, 0x0000, 0x0000, 0x0000, 0x0000, 0x0000, 0x0000, 0x0000, 0x0000, 0x0000,
  0x0000, 0x0000, 0x0000, 0x0000, 0x0000, 0x0000, 0x0000, 0x0000, 0x0000, 0x0000, 0x0000, 0x0000,
  0x0000, 0x0000, 0x0000, 0x0000, 0x0000, 0x0000, 0x0000, 0x0000, 0x0000, 0x0000, 0x0000, 0x0000,
  0x0000, 0x0000, 0x0000, 0x0000, 0x0000, 0x0000, 0x0000, 0x0000, 0x0000, 0x0000, 0x0000, 0x0000,
  0x0000, 0x0000, 0x0000, 0x0000, 0x0000, 0x0000, 0x0000, 0x0000, 0x0000, 0x0000, 0x0000, 0x0000,
  0x0000, 0x0000, 0x0000, 0x0000, 0x0000, 0x0000, 0x0000, 0x0000, 0x0000, 0x0000, 0x0000, 0x0000,
  0x0000, 0x0000, 0x0000, 0x0000, 0x0000, 0x0000, 0x0000, 0x0000, 0x0000, 0x0000, 0x0000, 0x0000,
  0x0000, 0x0000, 0x0000, 0x0000, 0x0881, 0xADEC, 0xCF2F, 0xCF2F, 0xCF2F, 0xCF2F, 0xCF2F, 0xCF2F,
  0xCF2F, 0xCF2F, 0xCF2F, 0xB64D, 0x950A, 0x7C28, 0x6367, 0x5B26, 0x5306, 0x5B46, 0x6BA7, 0x8489,
  0x9D6B, 0xC6CE, 0xCF2F, 0xCF2F, 0xCF2F, 0xCF2F, 0xCF2F, 0xCF2F, 0xCF2F, 0xCF2F, 0xCF2F, 0x6BC8,
  0x0000, 0x0000, 0x0000, 0x0000, 0x0000, 0x0000, 0x0000, 0x0000, 0x0000, 0x0000, 0x0000, 0x0000,
  0x0000, 0x0000, 0x0000, 0x0000, 0x0000, 0x0000, 0x0000, 0x0000, 0x0000, 0x0000, 0x0000, 0x0000,
  0x0000, 0x0000, 0x0000, 0x0000, 0x0000, 0x0000, 0x0000, 0x0000, 0x0000, 0x0000, 0x0000, 0x0000,
  0x0000, 0x0000, 0x0000, 0x0000, 0x0000, 0x0000, 0x0000, 0x0000, 0x0000, 0x0000, 0x0000, 0x0000,
  0x0000, 0x0000, 0x0000, 0x0000, 0x0000, 0x0000, 0x0000, 0x0000, 0x0000, 0x0000, 0x0000, 0x0000,
  0x0000, 0x0000, 0x0000, 0x0000, 0x0000, 0x0000, 0x0000, 0x0000, 0x0000, 0x0000, 0x0000, 0x0000,
  0x0000, 0x0000, 0x0000, 0x0000, 0x0000, 0x0000, 0x0000, 0x0000, 0x0000, 0x0000, 0x0000, 0x0000,
  0x0000, 0x0000, 0x0000, 0x0000, 0x0000, 0x0000, 0x0000, 0x0000, 0x0000, 0x0000, 0x0000, 0x0000,
  0x0000, 0x0000, 0x0000, 0x0000, 0x0000, 0x0000, 0x0000, 0x0000, 0x0000, 0x0000, 0x0000, 0x0000,
  0x0000, 0x0000, 0x0000, 0x0000, 0x0000, 0x0000, 0x0000, 0x0000, 0x0000, 0x0000, 0x0000, 0x0000,
  0x0000, 0x0000, 0x0000, 0x0000, 0x0000, 0x0000, 0x0000, 0x0000, 0x0000, 0x0000, 0x0000, 0x0000,
  0x0000, 0x0000, 0x0000, 0x0000, 0x0000, 0x0000, 0x0000, 0x0000, 0x0000, 0x0000, 0x0000, 0x0000,
  0x0000, 0x0000, 0x0000, 0x0000, 0x0000, 0x0000, 0x0000, 0x0000, 0x0000, 0x0000, 0x0000, 0x0000,
  0x0000, 0x0000, 0x0000, 0x0000, 0x0000, 0x0000, 0x0000, 0x0000, 0x0000, 0x0000, 0x0000, 0x0000,
  0x0000, 0x0000, 0x0000, 0x0000, 0x0000, 0x0000, 0x0000, 0x0000, 0x0000, 0x0000, 0x0000, 0x0000,
  0x0000, 0x0000, 0x0000, 0x0000, 0x0000, 0x10A1, 0x7C69, 0xCF0E, 0xCF2F, 0xCF2F, 0xCF2F, 0xCF2F,
  0xCF2F, 0xCF2F, 0xCF2F, 0xCF2F, 0xCF2F, 0xCF2F, 0xCF2F, 0xCF2F, 0xCF2F, 0xCF2F, 0xCF2F, 0xCF2F,
  0xCF2F, 0xCF2F, 0xCF2F, 0xCF2F, 0xCF2F, 0xCF2F, 0xCF2F, 0xCF2F, 0xCF2F, 0xBE6D, 0x52E6, 0x0000,
  0x0000, 0x0000, 0x0000, 0x0000, 0x0000, 0x0000, 0x0000, 0x0000, 0x0000, 0x0000, 0x0000, 0x0000,
  0x0000, 0x0000, 0x0000, 0x0000, 0x0000, 0x0000, 0x0000, 0x0000, 0x0000, 0x0000, 0x0000, 0x0000,
  0x0000, 0x0000, 0x0000, 0x0000, 0x0000, 0x0000, 0x0000, 0x0000, 0x0000, 0x0000, 0x0000, 0x0000,
  0x0000, 0x0000, 0x0000, 0x0000, 0x0000, 0x0000, 0x0000, 0x0000, 0x0000, 0x0000, 0x0000, 0x0000,
  0x0000, 0x0000, 0x0000, 0x0000, 0x0000, 0x0000, 0x0000, 0x0000, 0x0000, 0x0000, 0x0000, 0x0000,
  0x0000, 0x0000, 0x0000, 0x0000, 0x0000, 0x0000, 0x0000, 0x0000, 0x0000, 0x0000, 0x0000, 0x0000,
  0x0000, 0x0000, 0x0000, 0x0000, 0x0000, 0x0000, 0x0000, 0x0000, 0x0000, 0x0000, 0x0000, 0x0000,
  0x0000, 0x0000, 0x0000, 0x0000, 0x0000, 0x0000, 0x0000, 0x0000, 0x0000, 0x0000, 0x0000, 0x0000,
  0x0000, 0x0000, 0x0000, 0x0000, 0x0000, 0x0000, 0x0000, 0x0000, 0x0000, 0x0000, 0x0000, 0x0000,
  0x0000, 0x0000, 0x0000, 0x0000, 0x0000, 0x0000, 0x0000, 0x0000, 0x0000, 0x0000, 0x0000, 0x0000,
  0x0000, 0x0000, 0x0000, 0x0000, 0x0000, 0x0000, 0x0000, 0x0000, 0x0000, 0x0000, 0x0000, 0x0000,
  0x0000, 0x0000, 0x0000, 0x0000, 0x0000, 0x0000, 0x0000, 0x0000, 0x0000, 0x0000, 0x0000, 0x0000,
  0x0000, 0x0000, 0x0000, 0x0000, 0x0000, 0x0000, 0x0000, 0x0000, 0x0000, 0x0000, 0x0000, 0x0000,
  0x0000, 0x0000, 0x0000, 0x0000, 0x0000, 0x0000, 0x0000, 0x0000, 0x0000, 0x0000, 0x0000, 0x0000,
  0x0000, 0x0000, 0x0000, 0x0000, 0x0000, 0x0000, 0x0000, 0x0000, 0x0000, 0x0000, 0x0000, 0x0000,
  0x0000, 0x0000, 0x0000, 0x0000, 0x0000, 0x0000, 0x0000, 0x18C1, 0x73C8, 0xC6AE, 0xCF2F, 0xCF2F,
  0xCF2F, 0xCF2F, 0xCF2F, 0xCF2F, 0xCF2F, 0xCF2F, 0xCF2F, 0xCF2F, 0xCF2F, 0xCF2F, 0xCF2F, 0xCF2F,
  0xCF2F, 0xCF2F, 0xCF2F, 0xCF2F, 0xCF2F, 0xCF2F, 0xCF2F, 0xADCC, 0x4AA5, 0x0020, 0x0000, 0x0000,
  0x0000, 0x0000, 0x0000, 0x0000, 0x0000, 0x0000, 0x0000, 0x0000, 0x0000, 0x0000, 0x0000, 0x0000,
  0x0000, 0x0000, 0x0000, 0x0000, 0x0000, 0x0000, 0x0000, 0x0000, 0x0000, 0x0000, 0x0000, 0x0000,
  0x0000, 0x0000, 0x0000, 0x0000, 0x0000, 0x0000, 0x0000, 0x0000, 0x0000, 0x0000, 0x0000, 0x0000,
  0x0000, 0x0000, 0x0000, 0x0000, 0x0000, 0x0000, 0x0000, 0x0000, 0x0000, 0x0000, 0x0000, 0x0000,
  0x0000, 0x0000, 0x0000, 0x0000, 0x0000, 0x0000, 0x0000, 0x0000, 0x0000, 0x0000, 0x0000, 0x0000,
  0x0000, 0x0000, 0x0000, 0x0000, 0x0000, 0x0000, 0x0000, 0x0000, 0x0000, 0x0000, 0x0000, 0x0000,
  0x0000, 0x0000, 0x0000, 0x0000, 0x0000, 0x0000, 0x0000, 0x0000, 0x0000, 0x0000, 0x0000, 0x0000,
  0x0000, 0x0000, 0x0000, 0x0000, 0x0000, 0x0000, 0x0000, 0x0000, 0x0000, 0x0000, 0x0000, 0x0000,
  0x0000, 0x0000, 0x0000, 0x0000, 0x0000, 0x0000, 0x0000, 0x0000, 0x0000, 0x0000, 0x0000, 0x0000,
  0x0000, 0x0000, 0x0000, 0x0000, 0x0000, 0x0000, 0x0000, 0x0000, 0x0000, 0x0000, 0x0000, 0x0000,
  0x0000, 0x0000, 0x0000, 0x0000, 0x0000, 0x0000, 0x0000, 0x0000, 0x0000, 0x0000, 0x0000, 0x0000,
  0x0000, 0x0000, 0x0000, 0x0000, 0x0000, 0x0000, 0x0000, 0x0000, 0x0000, 0x0000, 0x0000, 0x0000,
  0x0000, 0x0000, 0x0000, 0x0000, 0x0000, 0x0000, 0x0000, 0x0000, 0x0000, 0x0000, 0x0000, 0x0000,
  0x0000, 0x0000, 0x0000, 0x0000, 0x0000, 0x0000, 0x0000, 0x0000, 0x0000, 0x0000, 0x0000, 0x0000,
  0x0000, 0x0000, 0x0000, 0x0000, 0x0000, 0x0000, 0x0000, 0x0000, 0x0000, 0x0000, 0x0000, 0x0000,
  0x4A65, 0x29A3, 0x0000, 0x0000, 0x0000, 0x0000, 0x0000, 0x0000, 0x0000, 0x0020, 0x4224, 0x84A9,
  0xBE8D, 0xCF2F, 0xCF2F, 0xCF2F, 0xCF2F, 0xCF2F, 0xCF2F, 0xCF2F, 0xCF2F, 0xCF2F, 0xCF2F, 0xCF2F,
  0xCF2F, 0xCF2F, 0xCF2F, 0xCF2F, 0xADEC, 0x6BC8, 0x2142, 0x0000, 0x0000, 0x0000, 0x0000, 0x0000,
  0x0000, 0x0000, 0x0000, 0x5B26, 0x18E1, 0x0000, 0x0000, 0x0000, 0x0000, 0x0000, 0x0000, 0x0000,
  0x0000, 0x0000, 0x0000, 0x0000, 0x0000, 0x0000, 0x0000, 0x0000, 0x0000, 0x0000, 0x0000, 0x0000,
  0x0000, 0x0000, 0x0000, 0x0000, 0x0000, 0x0000, 0x0000, 0x0000, 0x0000, 0x0000, 0x0000, 0x0000,
  0x0000, 0x0000, 0x0000, 0x0000, 0x0000, 0x0000, 0x0000, 0x0000, 0x0000, 0x0000, 0x0000, 0x0000,
  0x0000, 0x0000, 0x0000, 0x0000, 0x0000, 0x0000, 0x0000, 0x0000, 0x0000, 0x0000, 0x0000, 0x0000,
  0x0000, 0x0000, 0x0000, 0x0000, 0x0000, 0x0000, 0x0000, 0x0000, 0x0000, 0x0000, 0x0000, 0x0000,
  0x0000, 0x0000, 0x0000, 0x0000, 0x0000, 0x0000, 0x0000, 0x0000, 0x0000, 0x0000, 0x0000, 0x0000,
  0x0000, 0x0000, 0x0000, 0x0000, 0x0000, 0x0000, 0x0000, 0x0000, 0x0000, 0x0000, 0x0000, 0x0000,
  0x0000, 0x0000, 0x0000, 0x0000, 0x0000, 0x0000, 0x0000, 0x0000, 0x0000, 0x0000, 0x0000, 0x0000,
  0x0000, 0x0000, 0x0000, 0x0000, 0x0000, 0x0000, 0x0000, 0x0000, 0x0000, 0x0000, 0x0000, 0x0000,
  0x0000, 0x0000, 0x0000, 0x0000, 0x0000, 0x0000, 0x0000, 0x0000, 0x0000, 0x0000, 0x0000, 0x0000,
  0x0000, 0x0000, 0x0000, 0x0000, 0x0000, 0x0000, 0x0000, 0x0000, 0x0000, 0x0000, 0x0000, 0x0000,
  0x0000, 0x0000, 0x0000, 0x0000, 0x0000, 0x0000, 0x0000, 0x0000, 0x0000, 0x0000, 0x0000, 0x0000,
  0x0000, 0x0000, 0x0000, 0x0000, 0x0000, 0x0000, 0x0000, 0x0000, 0x0000, 0x0000, 0x0000, 0x0000,
  0x0000, 0x0000, 0x0000, 0x0000, 0x0000, 0x0000, 0x0000, 0x0000, 0x0000, 0x0000, 0x0000, 0x5B06,
  0xCF2E, 0xCF2E, 0x7C28, 0x0881, 0x0000, 0x0000, 0x0000, 0x0000, 0x0000, 0x0000, 0x0000, 0x0000,
  0x0000, 0x2142, 0x52C6, 0x7C28, 0x952A, 0xADEC, 0xBE8D, 0xC6CE, 0xCEEE, 0xC6AE, 0xBE6D, 0xA5AB,
  0x8CCA, 0x6BA7, 0x4244, 0x10A1, 0x0000, 0x0000, 0x0000, 0x0000, 0x0000, 0x0000, 0x0000, 0x0000,
  0x0000, 0x2983, 0xADCC, 0xCF2F, 0xBE6D, 0x2142, 0x0000, 0x0000, 0x0000, 0x0000, 0x0000, 0x0000,
  0x0000, 0x0000, 0x0000, 0x0000, 0x0000, 0x0000, 0x0000, 0x0000, 0x0000, 0x0000, 0x0000, 0x0000,
  0x0000, 0x0000, 0x0000, 0x0000, 0x0000, 0x0000, 0x0000, 0x0000, 0x0000, 0x0000, 0x0000, 0x0000,
  0x0000, 0x0000, 0x0000, 0x0000, 0x0000, 0x0000, 0x0000, 0x0000, 0x0000, 0x0000, 0x0000, 0x0000,
  0x0000, 0x0000, 0x0000, 0x0000, 0x0000, 0x0000, 0x0000, 0x0000, 0x0000, 0x0000, 0x0000, 0x0000,
  0x0000, 0x0000, 0x0000, 0x0000, 0x0000, 0x0000, 0x0000, 0x0000, 0x0000, 0x0000, 0x0000, 0x0000,
  0x0000, 0x0000, 0x0000, 0x0000, 0x0000, 0x0000, 0x0000, 0x0000, 0x0000, 0x0000, 0x0000, 0x0000,
  0x0000, 0x0000, 0x0000, 0x0000, 0x0000, 0x0000, 0x0000, 0x0000, 0x0000, 0x0000, 0x0000, 0x0000,
  0x0000, 0x0000, 0x0000, 0x0000, 0x0000, 0x0000, 0x0000, 0x0000, 0x0000, 0x0000, 0x0000, 0x0000,
  0x0000, 0x0000, 0x0000, 0x0000, 0x0000, 0x0000, 0x0000, 0x0000, 0x0000, 0x0000, 0x0000, 0x0000,
  0x0000, 0x0000, 0x0000, 0x0000, 0x0000, 0x0000, 0x0000, 0x0000, 0x0000, 0x0000, 0x0000, 0x0000,
  0x0000, 0x0000, 0x0000, 0x0000, 0x0000, 0x0000, 0x0000, 0x0000, 0x0000, 0x0000, 0x0000, 0x0000,
  0x0000, 0x0000, 0x0000, 0x0000, 0x0000, 0x0000, 0x0000, 0x0000, 0x0000, 0x0000, 0x0000, 0x0000,
  0x0000, 0x0000, 0x0000, 0x0000, 0x0000, 0x0000, 0x0000, 0x0000, 0x0000, 0x0000, 0x0000, 0x0000,
  0x0000, 0x0000, 0x0000, 0x0000, 0x0000, 0x0000, 0x0000, 0x0000, 0x0000, 0x0000, 0x6347, 0xCF2F,
  0xCF2F, 0xCF2F, 0xCF2F, 0xC6AE, 0x5B46, 0x0840, 0x0000, 0x0000, 0x0000, 0x0000, 0x0000, 0x0000,
  0x0000, 0x0000, 0x0000, 0x0000, 0x0000, 0x0000, 0x0000, 0x0000, 0x0000, 0x0000, 0x0000, 0x0000,
  0x0000, 0x0000, 0x0000, 0x0000, 0x0000, 0x0000, 0x0000, 0x0000, 0x0000, 0x0000, 0x0000, 0x2122,
  0x8CCA, 0xCF2F, 0xCF2F, 0xCF2F, 0xCF2F, 0xBE8D, 0x2122, 0x0000, 0x0000, 0x0000, 0x0000, 0x0000,
  0x0000, 0x0000, 0x0000, 0x0000, 0x0000, 0x0000, 0x0000, 0x0000, 0x0000, 0x0000, 0x0000, 0x0000,
  0x0000, 0x0000, 0x0000, 0x0000, 0x0000, 0x0000, 0x0000, 0x0000, 0x0000, 0x0000, 0x0000, 0x0000,
  0x0000, 0x0000, 0x0000, 0x0000, 0x0000, 0x0000, 0x0000, 0x0000, 0x0000, 0x0000, 0x0000, 0x0000,
  0x0000, 0x0000, 0x0000, 0x0000, 0x0000, 0x0000, 0x0000, 0x0000, 0x0000, 0x0000, 0x0000, 0x0000,
  0x0000, 0x0000, 0x0000, 0x0000, 0x0000, 0x0000, 0x0000, 0x0000, 0x0000, 0x0000, 0x0000, 0x0000,
  0x0000, 0x0000, 0x0000, 0x0000, 0x0000, 0x0000, 0x0000, 0x0000, 0x0000, 0x0000, 0x0000, 0x0000,
  0x0000, 0x0000, 0x0000, 0x0000, 0x0000, 0x0000, 0x0000, 0x0000, 0x0000, 0x0000, 0x0000, 0x0000,
  0x0000, 0x0000, 0x0000, 0x0000, 0x0000, 0x0000, 0x0000, 0x0000, 0x0000, 0x0000, 0x0000, 0x0000,
  0x0000, 0x0000, 0x0000, 0x0000, 0x0000, 0x0000, 0x0000, 0x0000, 0x0000, 0x0000, 0x0000, 0x0000,
  0x0000, 0x0000, 0x0000, 0x0000, 0x0000, 0x0000, 0x0000, 0x0000, 0x0000, 0x0000, 0x0000, 0x0000,
  0x0000, 0x0000, 0x0000, 0x0000, 0x0000, 0x0000, 0x0000, 0x0000, 0x0000, 0x0000, 0x0000, 0x0000,
  0x0000, 0x0000, 0x0000, 0x0000, 0x0000, 0x0000, 0x0000, 0x0000, 0x0000, 0x0000, 0x0000, 0x0000,
  0x0000, 0x0000, 0x0000, 0x0000, 0x0000, 0x0000, 0x0000, 0x0000, 0x0000, 0x0000, 0x0000, 0x0000,
  0x0000, 0x0000, 0x0000, 0x0000, 0x0000, 0x0000, 0x0000, 0x0000, 0x0000, 0x4A85, 0xCF2F, 0xCF2F,
  0xCF2F, 0xCF2F, 0xCF2F, 0xCF2F, 0xCF2F, 0xC6AD, 0x6BA7, 0x10A1, 0x0000, 0x0000, 0x0000, 0x0000,
  0x0000, 0x0000, 0x0000, 0x0000, 0x0000, 0x0000, 0x0000, 0x0000, 0x0000, 0x0000, 0x0000, 0x0000,
  0x0000, 0x0000, 0x0000, 0x0000, 0x0000, 0x0000, 0x0000, 0x0000, 0x0000, 0x31C3, 0x8CEA, 0xCF2E,
  0xCF2F, 0xCF2F, 0xCF2F, 0xCF2F, 0xCF2F, 0xCF2F, 0xBE6D, 0x10C1, 0x0000, 0x0000, 0x0000, 0x0000,
  0x0000, 0x0000, 0x0000, 0x0000, 0x0000, 0x0000, 0x0000, 0x0000, 0x0000, 0x0000, 0x0000, 0x0000,
  0x0000, 0x0000, 0x0000, 0x0000, 0x0000, 0x0000, 0x0000, 0x0000, 0x0000, 0x0000, 0x0000, 0x0000,
  0x0000, 0x0000, 0x0000, 0x0000, 0x0000, 0x0000, 0x0000, 0x0000, 0x0000, 0x0000, 0x0000, 0x0000,
  0x0000, 0x0000, 0x0000, 0x0000, 0x0000, 0x0000, 0x0000, 0x0000, 0x0000, 0x0000, 0x0000, 0x0000,
  0x0000, 0x0000, 0x0000, 0x0000, 0x0000, 0x0000, 0x0000, 0x0000, 0x0000, 0x0000, 0x0000, 0x0000,
  0x0000, 0x0000, 0x0000, 0x0000, 0x0000, 0x0000, 0x0000, 0x0000, 0x0000, 0x0000, 0x0000, 0x0000,
  0x0000, 0x0000, 0x0000, 0x0000, 0x0000, 0x0000, 0x0000, 0x0000, 0x0000, 0x0000, 0x0000, 0x0000,
  0x0000, 0x0000, 0x0000, 0x0000, 0x0000, 0x0000, 0x0000, 0x0000, 0x0000, 0x0000, 0x0000, 0x0000,
  0x0000, 0x0000, 0x0000, 0x0000, 0x0000, 0x0000, 0x0000, 0x0000, 0x0000, 0x0000, 0x0000, 0x0000,
  0x0000, 0x0000, 0x0000, 0x0000, 0x0000, 0x0000, 0x0000, 0x0000, 0x0000, 0x0000, 0x0000, 0x0000,
  0x0000, 0x0000, 0x0000, 0x0000, 0x0000, 0x0000, 0x0000, 0x0000, 0x0000, 0x0000, 0x0000, 0x0000,
  0x0000, 0x0000, 0x0000, 0x0000, 0x0000, 0x0000, 0x0000, 0x0000, 0x0000, 0x0000, 0x0000, 0x0000,
  0x0000, 0x0000, 0x0000, 0x0000, 0x0000, 0x0000, 0x0000, 0x0000, 0x0000, 0x0000, 0x0000, 0x0000,
  0x0000, 0x0000, 0x0000, 0x0000, 0x0000, 0x0000, 0x0000, 0x0000, 0x31A3, 0xCEEE, 0xCF2F, 0xCF2F,
  0xCF2F, 0xCF2F, 0xCF2F, 0xCF2F, 0xCF2F, 0xCF2F, 0xCF2F, 0xCF0E, 0x952A, 0x4A85, 0x0861, 0x0000,
  0x0000, 0x0000, 0x0000, 0x0000, 0x0000, 0x0000, 0x0000, 0x0000, 0x0000, 0x0000, 0x0000, 0x0000,
  0x0000, 0x0000, 0x0000, 0x0000, 0x0000, 0x0000, 0x2122, 0x6387, 0xB62C, 0xCF2F, 0xCF2F, 0xCF2F,
  0xCF2F, 0xCF2F, 0xCF2F, 0xCF2F, 0xCF2F, 0xCF2F, 0xCF2F, 0xA5CC, 0x0840, 0x0000, 0x0000, 0x0000,
  0x0000, 0x0000, 0x0000, 0x0000, 0x0000, 0x0000, 0x0000, 0x0000, 0x0000, 0x0000, 0x0000, 0x0000,
  0x0000, 0x0000, 0x0000, 0x0000, 0x0000, 0x0000, 0x0000, 0x0000, 0x0000, 0x0000, 0x0000, 0x0000,
  0x0000, 0x0000, 0x0000, 0x0000, 0x0000, 0x0000, 0x0000, 0x0000, 0x0000, 0x0000, 0x0000, 0x0000,
  0x0000, 0x0000, 0x0000, 0x0000, 0x0000, 0x0000, 0x0000, 0x0000, 0x0000, 0x0000, 0x0000, 0x0000,
  0x0000, 0x0000, 0x0000, 0x0000, 0x0000, 0x0000, 0x0000, 0x0000, 0x0000, 0x0000, 0x0000, 0x0000,
  0x0000, 0x0000, 0x0000, 0x0000, 0x0000, 0x0000, 0x0000, 0x0000, 0x0000, 0x0000, 0x0000, 0x0000,
  0x0000, 0x0000, 0x0000, 0x0000, 0x0000, 0x0000, 0x0000, 0x0000, 0x0000, 0x0000, 0x0000, 0x0000,
  0x0000, 0x0000, 0x0000, 0x0000, 0x0000, 0x0000, 0x0000, 0x0000, 0x0000, 0x0000, 0x0000, 0x0000,
  0x0000, 0x0000, 0x0000, 0x0000, 0x0000, 0x0000, 0x0000, 0x0000, 0x0000, 0x0000, 0x0000, 0x0000,
  0x0000, 0x0000, 0x0000, 0x0000, 0x0000, 0x0000, 0x0000, 0x0000, 0x0000, 0x0000, 0x0000, 0x0000,
  0x0000, 0x0000, 0x0000, 0x0000, 0x0000, 0x0000, 0x0000, 0x0000, 0x0000, 0x0000, 0x0000, 0x0000,
  0x0000, 0x0000, 0x0000, 0x0000, 0x0000, 0x0000, 0x0000, 0x0000, 0x0000, 0x0000, 0x0000, 0x0000,
  0x0000, 0x0000, 0x0000, 0x0000, 0x0000, 0x0000, 0x0000, 0x0000, 0x0000, 0x0000, 0x0000, 0x0000,
  0x0000, 0x0000, 0x0000, 0x0000, 0x0000, 0x0000, 0x0000, 0x10A1, 0xBE8D, 0xCF2F, 0xCF2F, 0xCF2F,
  0xCF2F, 0xCEEE, 0xCF2F, 0xCF2F, 0xCF2F, 0xCF2F, 0xCF2F, 0xCF2F, 0xCF2F, 0xCF2F, 0xCF0E, 0x9D6B,
  0x6BA7, 0x3A24, 0x18C1, 0x0000, 0x0000, 0x0000, 0x0000, 0x0000, 0x0000, 0x0000, 0x0000, 0x0000,
  0x0000, 0x0020, 0x2142, 0x4AC5, 0x7C69, 0xB62D, 0xCF2F, 0xCF2F, 0xCF2F, 0xCF2F, 0xCF2F, 0xCF2F,
  0xCF2F, 0xCF2F, 0xCF2F, 0xCEEE, 0xCF2F, 0xCF2F, 0xCF2F, 0xCF2F, 0x8489, 0x0000, 0x0000, 0x0000,
  0x0000, 0x0000, 0x0000, 0x0000, 0x0000, 0x0000, 0x0000, 0x0000, 0x0000, 0x0000, 0x0000, 0x0000,
  0x0000, 0x0000, 0x0000, 0x0000, 0x0000, 0x0000, 0x0000, 0x0000, 0x0000, 0x0000, 0x0000, 0x0000,
  0x0000, 0x0000, 0x0000, 0x0000, 0x0000, 0x0000, 0x0000, 0x0000, 0x0000, 0x0000, 0x0000, 0x0000,
  0x0000, 0x0000, 0x0000, 0x0000, 0x0000, 0x0000, 0x0000, 0x0000, 0x0000, 0x0000, 0x0000, 0x0000,
  0x0000, 0x0000, 0x0000, 0x0000, 0x0000, 0x0000, 0x0000, 0x0000, 0x0000, 0x0000, 0x0000, 0x0000,
  0x0000, 0x0000, 0x0000, 0x0000, 0x0000, 0x0000, 0x0000, 0x0000, 0x0000, 0x0000, 0x0000, 0x0000,
  0x0000, 0x0000, 0x0000, 0x0000, 0x0000, 0x0000, 0x0000, 0x0000, 0x0000, 0x0000, 0x0000, 0x0000,
  0x0000, 0x0000, 0x0000, 0x0000, 0x0000, 0x0000, 0x0000, 0x0000, 0x0000, 0x0000, 0x0000, 0x0000,
  0x0000, 0x0000, 0x0000, 0x0000, 0x0000, 0x0000, 0x0000, 0x0000, 0x0000, 0x0000, 0x0000, 0x0000,
  0x0000, 0x0000, 0x0000, 0x0000, 0x0000, 0x0000, 0x0000, 0x0000, 0x0000, 0x0000, 0x0000, 0x0000,
  0x0000, 0x0000, 0x0000, 0x0000, 0x0000, 0x0000, 0x0000, 0x0000, 0x0000, 0x0000, 0x0000, 0x0000,
  0x0000, 0x0000, 0x0000, 0x0000, 0x0000, 0x0000, 0x0000, 0x0000, 0x0000, 0x0000, 0x0000, 0x0000,
  0x0000, 0x0000, 0x0000, 0x0000, 0x0000, 0x0000, 0x0000, 0x0000, 0x0000, 0x0000, 0x0000, 0x0000,
  0x0000, 0x0000, 0x0000, 0x0000, 0x0000, 0x0000, 0x0000, 0x8CEA, 0xCF2F, 0xCF2F, 0xCF2F, 0xCF2F,
  0xA58B, 0x0860, 0x5B26, 0xBE8D, 0xCF2F, 0xCF2F, 0xCF2F, 0xCF2F, 0xCF2F, 0xCF2F, 0xCF2F, 0xCF2F,
  0xCF2F, 0xCF2F, 0xCF2F, 0xC6CE, 0xAE0C, 0x9D4B, 0x8CCA, 0x8489, 0x8469, 0x84A9, 0x8CEA, 0xA58B,
  0xB64D, 0xCF0E, 0xCF2F, 0xCF2F, 0xCF2F, 0xCF2F, 0xCF2F, 0xCF2F, 0xCF2F, 0xCF2F, 0xCF2F, 0xCF2F,
  0xCF2F, 0x9D6B, 0x31A3, 0x2983, 0xC6EE, 0xCF2F, 0xCF2F, 0xCF2F, 0xCF2F, 0x4265, 0x0000, 0x0000,
  0x0000, 0x0000, 0x0000, 0x0000, 0x0000, 0x0000, 0x0000, 0x0000, 0x0000, 0x0000, 0x0000, 0x0000,
  0x0000, 0x0000, 0x0000, 0x0000, 0x0000, 0x0000, 0x0000, 0x0000, 0x0000, 0x0000, 0x0000, 0x0000,
  0x0000, 0x0000, 0x0000, 0x0000, 0x0000, 0x0000, 0x0000, 0x0000, 0x0000, 0x0000, 0x0000, 0x0000,
  0x0000, 0x0000, 0x0000, 0x0000, 0x0000, 0x0000, 0x0000, 0x0000, 0x0000, 0x0000, 0x0000, 0x0000,
  0x0000, 0x0000, 0x0000, 0x0000, 0x0000, 0x0000, 0x0000, 0x0000, 0x0000, 0x0000, 0x0000, 0x0000,
  0x0000, 0x0000, 0x0000, 0x0000, 0x0000, 0x0000, 0x0000, 0x0000, 0x0000, 0x0000, 0x0000, 0x0000,
  0x0000, 0x0000, 0x0000, 0x0000, 0x0000, 0x0000, 0x0000, 0x0000, 0x0000, 0x0000, 0x0000, 0x0000,
  0x0000, 0x0000, 0x0000, 0x0000, 0x0000, 0x0000, 0x0000, 0x0000, 0x0000, 0x0000, 0x0000, 0x0000,
  0x0000, 0x0000, 0x0000, 0x0000, 0x0000, 0x0000, 0x0000, 0x0000, 0x0000, 0x0000, 0x0000, 0x0000,
  0x0000, 0x0000, 0x0000, 0x0000, 0x0000, 0x0000, 0x0000, 0x0000, 0x0000, 0x0000, 0x0000, 0x0000,
  0x0000, 0x0000, 0x0000, 0x0000, 0x0000, 0x0000, 0x0000, 0x0000, 0x0000, 0x0000, 0x0000, 0x0000,
  0x0000, 0x0000, 0x0000, 0x0000, 0x0000, 0x0000, 0x0000, 0x0000, 0x0000, 0x0000, 0x0000, 0x0000,
  0x0000, 0x0000, 0x0000, 0x0000, 0x0000, 0x0000, 0x0000, 0x0000, 0x0000, 0x0000, 0x0000, 0x0000,
  0x0000, 0x0000, 0x0000, 0x0000, 0x0000, 0x0000, 0x4AA5, 0xCF2F, 0xCF2F, 0xCF2F, 0xCF2F, 0xB64D,
  0x1081, 0x0000, 0x0000, 0x0020, 0x52E6, 0xAE0C, 0xCF2F, 0xCF2F, 0xCF2F, 0xCF2F, 0xCF2F, 0xCF2F,
  0xCF2F, 0xCF2F, 0xCF2F, 0xCF2F, 0xCF2F, 0xCF2F, 0xCF2F, 0xCF2F, 0xCF2F, 0xCF2F, 0xCF2F, 0xCF2F,
  0xCF2F, 0xCF2F, 0xCF2F, 0xCF2F, 0xCF2F, 0xCF2F, 0xCF2F, 0xCF2F, 0xCF2F, 0xCF2F, 0xCF0E, 0x8CEA,
  0x31A3, 0x0000, 0x0000, 0x0000, 0x4265, 0xCF2F, 0xCF2F, 0xCF2F, 0xCF2F, 0xBE8D, 0x0861, 0x0000,
  0x0000, 0x0000, 0x0000, 0x0000, 0x0000, 0x0000, 0x0000, 0x0000, 0x0000, 0x0000, 0x0000, 0x0000,
  0x0000, 0x0000, 0x0000, 0x0000, 0x0000, 0x0000, 0x0000, 0x0000, 0x0000, 0x0000, 0x0000, 0x0000,
  0x0000, 0x0000, 0x0000, 0x0000, 0x0000, 0x0000, 0x0000, 0x0000, 0x0000, 0x0000, 0x0000, 0x0000,
  0x0000, 0x0000, 0x0000, 0x0000, 0x0000, 0x0000, 0x0000, 0x0000, 0x0000, 0x0000, 0x0000, 0x0000,
  0x0000, 0x0000, 0x0000, 0x0000, 0x0000, 0x0000, 0x0000, 0x0000, 0x0000, 0x0000, 0x0000, 0x0000,
  0x0000, 0x0000, 0x0000, 0x0000, 0x0000, 0x0000, 0x0000, 0x0000, 0x0000, 0x0000, 0x0000, 0x0000,
  0x0000, 0x0000, 0x0000, 0x0000, 0x0000, 0x0000, 0x0000, 0x0000, 0x0000, 0x0000, 0x0000, 0x0000,
  0x0000, 0x0000, 0x0000, 0x0000, 0x0000, 0x0000, 0x0000, 0x0000, 0x0000, 0x0000, 0x0000, 0x0000,
  0x0000, 0x0000, 0x0000, 0x0000, 0x0000, 0x0000, 0x0000, 0x0000, 0x0000, 0x0000, 0x0000, 0x0000,
  0x0000, 0x0000, 0x0000, 0x0000, 0x0000, 0x0000, 0x0000, 0x0000, 0x0000, 0x0000, 0x0000, 0x0000,
  0x0000, 0x0000, 0x0000, 0x0000, 0x0000, 0x0000, 0x0000, 0x0000, 0x0000, 0x0000, 0x0000, 0x0000,
  0x0000, 0x0000, 0x0000, 0x0000, 0x0000, 0x0000, 0x0000, 0x0000, 0x0000, 0x0000, 0x0000, 0x0000,
  0x0000, 0x0000, 0x0000, 0x0000, 0x0000, 0x0000, 0x0000, 0x0000, 0x0000, 0x0000, 0x0000, 0x0000,
  0x0000, 0x0000, 0x0000, 0x0000, 0x0000, 0x0840, 0xBE8D, 0xCF2F, 0xCF2F, 0xCF2F, 0xCF0E, 0x29A3,
  0x0000, 0x0000, 0x0000, 0x0000, 0x0000, 0x0000, 0x31A3, 0x7C49, 0xBE8D, 0xCF2F, 0xCF2F, 0xCF2F,
  0xCF2F, 0xCF2F, 0xCF2F, 0xCF2F, 0xCF2F, 0xCF2F, 0xCF2F, 0xCF2F, 0xCF2F, 0xCF2F, 0xCF2F, 0xCF2F,
  0xCF2F, 0xCF2F, 0xCF2F, 0xCF2F, 0xCF2F, 0xCF2F, 0xCF2F, 0xCF2F, 0xADCC, 0x6347, 0x10A1, 0x0000,
  0x0000, 0x0000, 0x0000, 0x0000, 0x0000, 0x7C28, 0xCF2F, 0xCF2F, 0xCF2F, 0xCF2F, 0x7C28, 0x0000,
  0x0000, 0x0000, 0x0000, 0x0000, 0x0000, 0x0000, 0x0000, 0x0000, 0x0000, 0x0000, 0x0000, 0x0000,
  0x0000, 0x0000, 0x0000, 0x0000, 0x0000, 0x0000, 0x0000, 0x0000, 0x0000, 0x0000, 0x0000, 0x0000,
  0x0000, 0x0000, 0x0000, 0x0000, 0x0000, 0x0000, 0x0000, 0x0000, 0x0000, 0x0000, 0x0000, 0x0000,
  0x0000, 0x0000, 0x0000, 0x0000, 0x0000, 0x0000, 0x0000, 0x0000, 0x0000, 0x0000, 0x0000, 0x0000,
  0x0000, 0x0000, 0x0000, 0x0000, 0x0000, 0x0000, 0x0000, 0x0000, 0x0000, 0x0000, 0x0000, 0x0000,
  0x0000, 0x0000, 0x0000, 0x0000, 0x0000, 0x0000, 0x0000, 0x0000, 0x0000, 0x0000, 0x0000, 0x0000,
  0x0000, 0x0000, 0x0000, 0x0000, 0x0000, 0x0000, 0x0000, 0x0000, 0x0000, 0x0000, 0x0000, 0x0000,
  0x0000, 0x0000, 0x0000, 0x0000, 0x0000, 0x0000, 0x0000, 0x0000, 0x0000, 0x0000, 0x0000, 0x0000,
  0x0000, 0x0000, 0x0000, 0x0000, 0x0000, 0x0000, 0x0000, 0x0000, 0x0000, 0x0000, 0x0000, 0x0000,
  0x0000, 0x0000, 0x0000, 0x0000, 0x0000, 0x0000, 0x0000, 0x0000, 0x0000, 0x0000, 0x0000, 0x0000,
  0x0000, 0x0000, 0x0000, 0x0000, 0x0000, 0x0000, 0x0000, 0x0000, 0x0000, 0x0000, 0x0000, 0x0000,
  0x0000, 0x0000, 0x0000, 0x0000, 0x0000, 0x0000, 0x0000, 0x0000, 0x0000, 0x0000, 0x0000, 0x0000,
  0x0000, 0x0000, 0x0000, 0x0000, 0x0000, 0x0000, 0x0000, 0x0000, 0x0000, 0x0000, 0x0000, 0x0000,
  0x0000, 0x0000, 0x0000, 0x0000, 0x0000, 0x6387, 0xCF2F, 0xCF2F, 0xCF2F, 0xCF2F, 0xB64D, 0x2963,
  0x0000, 0x0000, 0x0000, 0x0000, 0x0000, 0x0000, 0x0000, 0x0000, 0x0000, 0x31C3, 0x6BA7, 0x9D8B,
  0xCEEE, 0xCF2F, 0xCF2F, 0xCF2F, 0xCF2F, 0xCF2F, 0xCF2F, 0xCF2F, 0xCF2F, 0xCF2F, 0xCF2F, 0xCF2F,
  0xCF2F, 0xCF2F, 0xCF2F, 0xCF2F, 0xBE8D, 0x8CEA, 0x5306, 0x18E2, 0x0000, 0x0000, 0x0000, 0x0000,
  0x0000, 0x0000, 0x0000, 0x0000, 0x0000, 0x5B06, 0xCF2F, 0xCF2F, 0xCF2F, 0xCF2F, 0xCF0E, 0x1902,
  0x0000, 0x0000, 0x0000, 0x0000, 0x0000, 0x0000, 0x0000, 0x0000, 0x0000, 0x0000, 0x0000, 0x0000,
  0x0000, 0x0000, 0x0000, 0x0000, 0x1081, 0x630B, 0x630B, 0x630B, 0x630B, 0x630B, 0x630B, 0x630B,
  0x630B, 0x630B, 0x630B, 0x630B, 0x630B, 0x630B, 0x630B, 0x630B, 0x630B, 0x630B, 0x630B, 0x630B,
  0x630B, 0x630B, 0x630B, 0x630B, 0x630B, 0x630B, 0x630B, 0x5AAA, 0x0000, 0x0000, 0x0000, 0x0000,
  0x0000, 0x0861, 0x630B, 0x630B, 0x630B, 0x630B, 0x630B, 0x630B, 0x630B, 0x630B, 0x630B, 0x630B,
  0x630B, 0x630B, 0x630B, 0x630B, 0x630B, 0x630B, 0x630B, 0x630B, 0x630B, 0x62EB, 0x4A48, 0x18E3,
  0x0000, 0x0000, 0x0000, 0x0000, 0x0000, 0x0000, 0x0000, 0x0000, 0x0000, 0x0000, 0x0000, 0x39A6,
  0x630B, 0x630B, 0x630B, 0x630B, 0x528A, 0x0000, 0x0000, 0x0000, 0x0000, 0x0000, 0x0861, 0x630B,
  0x630B, 0x630B, 0x630B, 0x630B, 0x630B, 0x630B, 0x630B, 0x630B, 0x630B, 0x630B, 0x630B, 0x630B,
  0x630B, 0x630B, 0x630B, 0x630B, 0x630B, 0x5289, 0x3186, 0x0000, 0x0000, 0x0000, 0x0000, 0x0000,
  0x0000, 0x0000, 0x0000, 0x0000, 0x0000, 0x0000, 0x0000, 0x0841, 0x630B, 0x630B, 0x630B, 0x630B,
  0x630B, 0x630B, 0x630B, 0x630B, 0x630B, 0x630B, 0x630B, 0x630B, 0x630B, 0x630B, 0x630B, 0x630B,
  0x630B, 0x630B, 0x630B, 0x630B, 0x630B, 0x630B, 0x630B, 0x630B, 0x630B, 0x630B, 0x2104, 0x0000,
  0x0000, 0x0000, 0x0000, 0x0000, 0x0840, 0xC6CE, 0xCF2F, 0xCF2F, 0xCF2F, 0xCF2F, 0xCF2F, 0xCF2E,
  0x84A9, 0x1902, 0x0000, 0x0000, 0x0000, 0x0000, 0x0000, 0x0000, 0x0000, 0x0000, 0x0000, 0x0000,
  0x0000, 0x2142, 0x4265, 0x6367, 0x7C49, 0x8CEA, 0x9D4B, 0xA58B, 0xA5AB, 0x9D6B, 0x952A, 0x84A9,
  0x7408, 0x5B06, 0x3A04, 0x10C1, 0x0000, 0x0000, 0x0000, 0x0000, 0x0000, 0x0000, 0x0000, 0x0000,
  0x0000, 0x0000, 0x0000, 0x4244, 0xAE0C, 0xCF2F, 0xCF2F, 0xCF2F, 0xCF2F, 0xCF2F, 0xCF2F, 0x7C49,
  0x0000, 0x0000, 0x0000, 0x0000, 0x0000, 0x0000, 0x0000, 0x0000, 0x0000, 0x0000, 0x0000, 0x0000,
  0x0000, 0x0000, 0x0000, 0x0000, 0x2944, 0xFFBD, 0xFFBD, 0xFFBD, 0xFFBD, 0xFFBD, 0xFFBD, 0xFFBD,
  0xFFBD, 0xFFBD, 0xFFBD, 0xFFBD, 0xFFBD, 0xFFBD, 0xFFBD, 0xFFBD, 0xFFBD, 0xFFBD, 0xFFBD, 0xFFBD,
  0xFFBD, 0xFFBD, 0xFFBD, 0xFFBD, 0xFFBD, 0xFFBD, 0xFFBD, 0xDEBA, 0x0000, 0x0000, 0x0000, 0x0000,
  0x0000, 0x20E3, 0xFFBD, 0xFFBD, 0xFFBD, 0xFFBD, 0xFFBD, 0xFFBD, 0xFFBD, 0xFFBD, 0xFFBD, 0xFFBD,
  0xFFBD, 0xFFBD, 0xFFBD, 0xFFBD, 0xFFBD, 0xFFBD, 0xFFBD, 0xFFBD, 0xFFBD, 0xFFBD, 0xFFBD, 0xFFBD,
  0xCE38, 0x5269, 0x0000, 0x0000, 0x0000, 0x0000, 0x0000, 0x0000, 0x0000, 0x0000, 0x0000, 0x9450,
  0xFFBD, 0xFFBD, 0xFFBD, 0xFFBD, 0xDE99, 0x0000, 0x0000, 0x0000, 0x0000, 0x0000, 0x2104, 0xFFBD,
  0xFFBD, 0xFFBD, 0xFFBD, 0xFFBD, 0xFFBD, 0xFFBD, 0xFFBD, 0xFFBD, 0xFFBD, 0xFFBD, 0xFFBD, 0xFFBD,
  0xFFBD, 0xFFBD, 0xFFBD, 0xFFBD, 0xFFBD, 0xFFBD, 0xFFBD, 0xEF1B, 0x83EF, 0x0861, 0x0000, 0x0000,
  0x0000, 0x0000, 0x0000, 0x0000, 0x0000, 0x0000, 0x0000, 0x18C3, 0xFFBD, 0xFFBD, 0xFFBD, 0xFFBD,
  0xFFBD, 0xFFBD, 0xFFBD, 0xFFBD, 0xFFBD, 0xFFBD, 0xFFBD, 0xFFBD, 0xFFBD, 0xFFBD, 0xFFBD, 0xFFBD,
  0xFFBD, 0xFFBD, 0xFFBD, 0xFFBD, 0xFFBD, 0xFFBD, 0xFFBD, 0xFFBD, 0xFFBD, 0xFFBD, 0x5ACA, 0x0000,
  0x0000, 0x0000, 0x0000, 0x0000, 0x0000, 0x31C3, 0xB60C, 0xCF2F, 0xCF2F, 0xCF2F, 0xCF2F, 0xCF2F,
  0xCF2F, 0xCF0E, 0x8CEA, 0x29A3, 0x0000, 0x0000, 0x0000, 0x0000, 0x0000, 0x0000, 0x0000, 0x0000,
  0x0000, 0x0000, 0x0000, 0x0000, 0x0000, 0x0000, 0x0000, 0x0000, 0x0000, 0x0000, 0x0000, 0x0000,
  0x0000, 0x0000, 0x0000, 0x0000, 0x0000, 0x0000, 0x0000, 0x0000, 0x0000, 0x0000, 0x0000, 0x0000,
  0x0020, 0x52C6, 0xB60C, 0xCF2F, 0xCF2F, 0xCF2F, 0xCF2F, 0xCF2F, 0xCF2F, 0xCF2F, 0x8489, 0x0881,
  0x0000, 0x0000, 0x0000, 0x0000, 0x0000, 0x0000, 0x0000, 0x0000, 0x0000, 0x0000, 0x0000, 0x0000,
  0x0000, 0x0000, 0x0000, 0x0000, 0x2944, 0xFFBD, 0xFFBD, 0xFFBD, 0xFFBD, 0xFFBD, 0xFFBD, 0xFFBD,
  0xFFBD, 0xFFBD, 0xFFBD, 0xFFBD, 0xFFBD, 0xFFBD, 0xFFBD, 0xFFBD, 0xFFBD, 0xFFBD, 0xFFBD, 0xFFBD,
  0xFFBD, 0xFFBD, 0xFFBD, 0xFFBD, 0xFFBD, 0xFFBD, 0xFFBD, 0xDEBA, 0x0000, 0x0000, 0x0000, 0x0000,
  0x0000, 0x20E3, 0xFFBD, 0xFFBD, 0xFFBD, 0xFFBD, 0xFFBD, 0xFFBD, 0xFFBD, 0xFFBD, 0xFFBD, 0xFFBD,
  0xFFBD, 0xFFBD, 0xFFBD, 0xFFBD, 0xFFBD, 0xFFBD, 0xFFBD, 0xFFBD, 0xFFBD, 0xFFBD, 0xFFBD, 0xFFBD,
  0xFFBD, 0xFFBD, 0xA4D2, 0x0020, 0x0000, 0x0000, 0x0000, 0x0000, 0x0000, 0x0000, 0x0000, 0x9450,
  0xFFBD, 0xFFBD, 0xFFBD, 0xFFBD, 0xDE99, 0x0000, 0x0000, 0x0000, 0x0000, 0x0000, 0x2104, 0xFFBD,
  0xFFBD, 0xFFBD, 0xFFBD, 0xFFBD, 0xFFBD, 0xFFBD, 0xFFBD, 0xFFBD, 0xFFBD, 0xFFBD, 0xFFBD, 0xFFBD,
  0xFFBD, 0xFFBD, 0xFFBD, 0xFFBD, 0xFFBD, 0xFFBD, 0xFFBD, 0xFFBD, 0xFFBD, 0xDEB9, 0x2124, 0x0000,
  0x0000, 0x0000, 0x0000, 0x0000, 0x0000, 0x0000, 0x0000, 0x18C3, 0xFFBD, 0xFFBD, 0xFFBD, 0xFFBD,
  0xFFBD, 0xFFBD, 0xFFBD, 0xFFBD, 0xFFBD, 0xFFBD, 0xFFBD, 0xFFBD, 0xFFBD, 0xFFBD, 0xFFBD, 0xFFBD,
  0xFFBD, 0xFFBD, 0xFFBD, 0xFFBD, 0xFFBD, 0xFFBD, 0xFFBD, 0xFFBD, 0xFFBD, 0xFFBD, 0x5ACA, 0x0000,
  0x0000, 0x0000, 0x0000, 0x0000, 0x0000, 0x0000, 0x0020, 0x6BC8, 0xCF0E, 0xCF2F, 0xCF2F, 0xCF2F,
  0xCF2F, 0xCF2F, 0xCF2F, 0xCF2F, 0xADEC, 0x5B26, 0x10A1, 0x0000, 0x0000, 0x0000, 0x0000, 0x0000,
  0x0000, 0x0000, 0x0000, 0x0000, 0x0000, 0x0000, 0x0000, 0x0000, 0x0000, 0x0000, 0x0000, 0x0000,
  0x0000, 0x0000, 0x0000, 0x0000, 0x0000, 0x0000, 0x0000, 0x0000, 0x0000, 0x0000, 0x2983, 0x7C28,
  0xC6AE, 0xCF2F, 0xCF2F, 0xCF2F, 0xCF2F, 0xCF2F, 0xCF2F, 0xCF2F, 0xB64D, 0x3A04, 0x0000, 0x0000,
  0x0000, 0x0000, 0x0000, 0x0000, 0x0000, 0x0000, 0x0000, 0x0000, 0x0000, 0x0000, 0x0000, 0x0000,
  0x0000, 0x0000, 0x0000, 0x0000, 0x2944, 0xFFBD, 0xFFBD, 0xFFBD, 0xFFBD, 0xFFBD, 0xFFBD, 0xFFBD,
  0xFFBD, 0xFFBD, 0xFFBD, 0xFFBD, 0xFFBD, 0xFFBD, 0xFFBD, 0xFFBD, 0xFFBD, 0xFFBD, 0xFFBD, 0xFFBD,
  0xFFBD, 0xFFBD, 0xFFBD, 0xFFBD, 0xFFBD, 0xFFBD, 0xFFBD, 0xDEBA, 0x0000, 0x0000, 0x0000, 0x0000,
  0x0000, 0x20E3, 0xFFBD, 0xFFBD, 0xFFBD, 0xFFBD, 0xFFBD, 0xFFBD, 0xFFBD, 0xFFBD, 0xFFBD, 0xFFBD,
  0xFFBD, 0xFFBD, 0xFFBD, 0xFFBD, 0xFFBD, 0xFFBD, 0xFFBD, 0xFFBD, 0xFFBD, 0xFFBD, 0xFFBD, 0xFFBD,
  0xFFBD, 0xFFBD, 0xFFBD, 0x9CB2, 0x0000, 0x0000, 0x0000, 0x0000, 0x0000, 0x0000, 0x0000, 0x9450,
  0xFFBD, 0xFFBD, 0xFFBD, 0xFFBD, 0xDE99, 0x0000, 0x0000, 0x0000, 0x0000, 0x0000, 0x2104, 0xFFBD,
  0xFFBD, 0xFFBD, 0xFFBD, 0xFFBD, 0xFFBD, 0xFFBD, 0xFFBD, 0xFFBD, 0xFFBD, 0xFFBD, 0xFFBD, 0xFFBD,
  0xFFBD, 0xFFBD, 0xFFBD, 0xFFBD, 0xFFBD, 0xFFBD, 0xFFBD, 0xFFBD, 0xFFBD, 0xFFBD, 0xE6DA, 0x1082,
  0x0000, 0x0000, 0x0000, 0x0000, 0x0000, 0x0000, 0x0000, 0x18C3, 0xFFBD, 0xFFBD, 0xFFBD, 0xFFBD,
  0xFFBD, 0xFFBD, 0xFFBD, 0xFFBD, 0xFFBD, 0xFFBD, 0xFFBD, 0xFFBD, 0xFFBD, 0xFFBD, 0xFFBD, 0xFFBD,
  0xFFBD, 0xFFBD, 0xFFBD, 0xFFBD, 0xFFBD, 0xFFBD, 0xFFBD, 0xFFBD, 0xFFBD, 0xFFBD, 0x5ACA, 0x0000,
  0x0000, 0x0000, 0x0000, 0x0000, 0x0000, 0x0000, 0x0000, 0x0000, 0x2142, 0x952A, 0xCF2F, 0xCF2F,
  0xCF2F, 0xCF2F, 0xCF2F, 0xCF2F, 0xCF2F, 0xCF2F, 0xCF0E, 0x9D8B, 0x6367, 0x2142, 0x0000, 0x0000,
  0x0000, 0x0000, 0x0000, 0x0000, 0x0000, 0x0000, 0x0000, 0x0000, 0x0000, 0x0000, 0x0000, 0x0000,
  0x0000, 0x0000, 0x0000, 0x0000, 0x0000, 0x0000, 0x0840, 0x3A04, 0x7C28, 0xB64D, 0xCF2F, 0xCF2F,
  0xCF2F, 0xCF2F, 0xCF2F, 0xCF2F, 0xCF2F, 0xCF2F, 0xC6CE, 0x6B87, 0x0840, 0x0000, 0x0000, 0x0000,
  0x0000, 0x0000, 0x0000, 0x0000, 0x0000, 0x0000, 0x0000, 0x0000, 0x0000, 0x0000, 0x0000, 0x0000,
  0x0000, 0x0000, 0x0000, 0x0000, 0x2944, 0xFFBD, 0xFFBD, 0xFFBD, 0xFFBD, 0xFFBD, 0xFFBD, 0xFFBD,
  0xFFBD, 0xFFBD, 0xFFBD, 0xFFBD, 0xFFBD, 0xFFBD, 0xFFBD, 0xFFBD, 0xFFBD, 0xFFBD, 0xFFBD, 0xFFBD,
  0xFFBD, 0xFFBD, 0xFFBD, 0xFFBD, 0xFFBD, 0xFFBD, 0xFFBD, 0xDEBA, 0x0000, 0x0000, 0x0000, 0x0000,
  0x0000, 0x20E3, 0xFFBD, 0xFFBD, 0xFFBD, 0xFFBD, 0xFFBD, 0xFFBD, 0xFFBD, 0xFFBD, 0xFFBD, 0xFFBD,
  0xFFBD, 0xFFBD, 0xFFBD, 0xFFBD, 0xFFBD, 0xFFBD, 0xFFBD, 0xFFBD, 0xFFBD, 0xFFBD, 0xFFBD, 0xFFBD,
  0xFFBD, 0xFFBD, 0xFFBD, 0xFFBD, 0x4208, 0x0000, 0x0000, 0x0000, 0x0000, 0x0000, 0x0000, 0x9450,
  0xFFBD, 0xFFBD, 0xFFBD, 0xFFBD, 0xDE99, 0x0000, 0x0000, 0x0000, 0x0000, 0x0000, 0x2104, 0xFFBD,
  0xFFBD, 0xFFBD, 0xFFBD, 0xFFBD, 0xFFBD, 0xFFBD, 0xFFBD, 0xFFBD, 0xFFBD, 0xFFBD, 0xFFBD, 0xFFBD,
  0xFFBD, 0xFFBD, 0xFFBD, 0xFFBD, 0xFFBD, 0xFFBD, 0xFFBD, 0xFFBD, 0xFFBD, 0xFFBD, 0xFFBD, 0xA4F3,
  0x0000, 0x0000, 0x0000, 0x0000, 0x0000, 0x0000, 0x0000, 0x18C3, 0xFFBD, 0xFFBD, 0xFFBD, 0xFFBD,
  0xFFBD, 0xFFBD, 0xFFBD, 0xFFBD, 0xFFBD, 0xFFBD, 0xFFBD, 0xFFBD, 0xFFBD, 0xFFBD, 0xFFBD, 0xFFBD,
  0xFFBD, 0xFFBD, 0xFFBD, 0xFFBD, 0xFFBD, 0xFFBD, 0xFFBD, 0xFFBD, 0xFFBD, 0xFFBD, 0x5ACA, 0x0000,
  0x0000, 0x0000, 0x0000, 0x0000, 0x0000, 0x0000, 0x0000, 0x0000, 0x0000, 0x0000, 0x31C3, 0xA58B,
  0xCF2F, 0xCF2F, 0xCF2F, 0xCF2F, 0xCF2F, 0xCF2F, 0xCF2F, 0xCF2F, 0xCF2F, 0xCF2F, 0xC6AE, 0x952A,
  0x6BC7, 0x4A65, 0x2963, 0x1081, 0x0000, 0x0000, 0x0000, 0x0000, 0x0000, 0x0000, 0x0000, 0x0000,
  0x0000, 0x18E1, 0x31C3, 0x52E6, 0x7C48, 0xA5CC, 0xCF0E, 0xCF2F, 0xCF2F, 0xCF2F, 0xCF2F, 0xCF2F,
  0xCF2F, 0xCF2F, 0xCF2F, 0xCF2F, 0xCEEE, 0x7408, 0x1081, 0x0000, 0x0000, 0x0000, 0x0000, 0x0000,
  0x0000, 0x0000, 0x0000, 0x0000, 0x0000, 0x0000, 0x0000, 0x0000, 0x0000, 0x0000, 0x0000, 0x0000,
  0x0000, 0x0000, 0x0000, 0x0000, 0x20E3, 0xC617, 0xC617, 0xC617, 0xC617, 0xC617, 0xC617, 0xC617,
  0xC617, 0xC617, 0xC617, 0xDEB9, 0xFFBD, 0xFFBD, 0xFFBD, 0xFFBD, 0xFFBD, 0xCE17, 0xC617, 0xC617,
  0xC617, 0xC617, 0xC617, 0xC617, 0xC617, 0xC617, 0xC617, 0xAD34, 0x0000, 0x0000, 0x0000, 0x0000,
  0x0000, 0x20E3, 0xFFBD, 0xFFBD, 0xFFBD, 0xFFBD, 0xFFBD, 0xD699, 0xC5F7, 0xC5F7, 0xC5F7, 0xC5F7,
  0xC5F7, 0xC5F7, 0xC5F7, 0xC5F7, 0xC5F7, 0xC5F7, 0xC5F7, 0xC5F7, 0xC5F7, 0xCE37, 0xF77C, 0xFFBD,
  0xFFBD, 0xFFBD, 0xFFBD, 0xFFBD, 0xBDB6, 0x0000, 0x0000, 0x0000, 0x0000, 0x0000, 0x0000, 0x9450,
  0xFFBD, 0xFFBD, 0xFFBD, 0xFFBD, 0xDE99, 0x0000, 0x0000, 0x0000, 0x0000, 0x0000, 0x2104, 0xFFBD,
  0xFFBD, 0xFFBD, 0xFFBD, 0xFFBD, 0xD679, 0xC5F7, 0xC5F7, 0xC5F7, 0xC5F7, 0xC5F7, 0xC5F7, 0xC5F7,
  0xC5F7, 0xC5F7, 0xC5F7, 0xC5F7, 0xC617, 0xE6FA, 0xFFBD, 0xFFBD, 0xFFBD, 0xFFBD, 0xFFBD, 0xFF9D,
  0x18E3, 0x0000, 0x0000, 0x0000, 0x0000, 0x0000, 0x0000, 0x18C3, 0xFFBD, 0xFFBD, 0xFFBD, 0xFFBD,
  0xFFBD, 0xDE99, 0xC617, 0xC617, 0xC617, 0xC617, 0xC617, 0xC617, 0xC617, 0xC617, 0xC617, 0xC617,
  0xC617, 0xC617, 0xC617, 0xC617, 0xC617, 0xC617, 0xC617, 0xC617, 0xC617, 0xC617, 0x4228, 0x0000,
  0x0000, 0x0000, 0x0000, 0x952A, 0x2162, 0x0000, 0x0000, 0x0000, 0x0000, 0x0000, 0x0000, 0x0000,
  0x31A3, 0x8CCA, 0xCF0E, 0xCF2F, 0xCF2F, 0xCF2F, 0xCF2F, 0xCF2F, 0xCF2F, 0xCF2F, 0xCF2F, 0xCF2F,
  0xCF2F, 0xCF2F, 0xCF2F, 0xCF2F, 0xCF0E, 0xBE8D, 0x18C1, 0x0000, 0x0000, 0x0000, 0x5B26, 0xC6AE,
  0xCF2E, 0xCF2F, 0xCF2F, 0xCF2F, 0xCF2F, 0xCF2F, 0xCF2F, 0xCF2F, 0xCF2F, 0xCF2F, 0xCF2F, 0xCF2F,
  0xCF2F, 0xCF2F, 0xBE8D, 0x6387, 0x1081, 0x0000, 0x0000, 0x0000, 0x0000, 0x0000, 0x0000, 0x0000,
  0x52E6, 0x6387, 0x0000, 0x0000, 0x0000, 0x0000, 0x0000, 0x0000, 0x0000, 0x0000, 0x0000, 0x0000,
  0x0000, 0x0000, 0x0000, 0x0000, 0x0000, 0x0000, 0x0000, 0x0000, 0x0000, 0x0000, 0x0000, 0x0000,
  0x0000, 0x0000, 0x0000, 0x5AAA, 0xFFBD, 0xFFBD, 0xFFBD, 0xFFBD, 0xFFBD, 0x0861, 0x0000, 0x0000,
  0x0000, 0x0000, 0x0000, 0x0000, 0x0000, 0x0000, 0x0000, 0x0000, 0x0000, 0x0000, 0x0000, 0x0000,
  0x0000, 0x20E3, 0xFFBD, 0xFFBD, 0xFFBD, 0xFFBD, 0xFFBD, 0x4A49, 0x0000, 0x0000, 0x0000, 0x0000,
  0x0000, 0x0000, 0x0000, 0x0000, 0x0000, 0x0000, 0x0000, 0x0000, 0x0000, 0x0000, 0x18C2, 0xCE17,
  0xFFBD, 0xFFBD, 0xFFBD, 0xFFBD, 0xFFBD, 0x1081, 0x0000, 0x0000, 0x0000, 0x0000, 0x0000, 0x9450,
  0xFFBD, 0xFFBD, 0xFFBD, 0xFFBD, 0xDE99, 0x0000, 0x0000, 0x0000, 0x0000, 0x0000, 0x2104, 0xFFBD,
  0xFFBD, 0xFFBD, 0xFFBD, 0xFFBD, 0x4208, 0x0000, 0x0000, 0x0000, 0x0000, 0x0000, 0x0000, 0x0000,
  0x0000, 0x0000, 0x0000, 0x0000, 0x0000, 0x0000, 0x840F, 0xFFBD, 0xFFBD, 0xFFBD, 0xFFBD, 0xFFBD,
  0x6B4C, 0x0000, 0x0000, 0x0000, 0x0000, 0x0000, 0x0000, 0x18C3, 0xFFBD, 0xFFBD, 0xFFBD, 0xFFBD,
  0xFFBD, 0x4A69, 0x0000, 0x0000, 0x0000, 0x0000, 0x0000, 0x0000, 0x0000, 0x0000, 0x0000, 0x0000,
  0x0000, 0x0000, 0x0000, 0x0000, 0x0000, 0x0000, 0x0000, 0x0000, 0x0000, 0x0000, 0x0000, 0x0000,
  0x0000, 0x0000, 0x2962, 0xCF2F, 0xCF0E, 0x73E8, 0x0840, 0x0000, 0x0000, 0x0000, 0x0000, 0x0000,
  0x0000, 0x0000, 0x18E1, 0x6387, 0xB62C, 0xCF2F, 0xCF2F, 0xCF2F, 0xCF2F, 0xCF2F, 0xCF2F, 0xCF2F,
  0xCF2F, 0xCF2F, 0xCF2F, 0xCF2F, 0xCF2F, 0xCF2F, 0x18E2, 0x0000, 0x0000, 0x0000, 0x6BA7, 0xCF2F,
  0xCF2F, 0xCF2F, 0xCF2F, 0xCF2F, 0xCF2F, 0xCF2F, 0xCF2F, 0xCF2F, 0xCF2F, 0xCF2F, 0xCF2F, 0xCF0E,
  0x952A, 0x4A85, 0x0020, 0x0000, 0x0000, 0x0000, 0x0000, 0x0000, 0x0000, 0x0000, 0x2142, 0xA58B,
  0xCF2F, 0xADCC, 0x0000, 0x0000, 0x0000, 0x0000, 0x0000, 0x0000, 0x0000, 0x0000, 0x0000, 0x0000,
  0x0000, 0x0000, 0x0000, 0x0000, 0x0000, 0x0000, 0x0000, 0x0000, 0x0000, 0x0000, 0x0000, 0x0000,
  0x0000, 0x0000, 0x0000, 0x5AAA, 0xFFBD, 0xFFBD, 0xFFBD, 0xFFBD, 0xFFBD, 0x0861, 0x0000, 0x0000,
  0x0000, 0x0000, 0x0000, 0x0000, 0x0000, 0x0000, 0x0000, 0x0000, 0x0000, 0x0000, 0x0000, 0x0000,
  0x0000, 0x20E3, 0xFFBD, 0xFFBD, 0xFFBD, 0xFFBD, 0xFFBD, 0x4A49, 0x0000, 0x0000, 0x0000, 0x0000,
  0x0000, 0x0000, 0x0000, 0x0000, 0x0000, 0x0000, 0x0000, 0x0000, 0x0000, 0x0000, 0x0000, 0x39A6,
  0xFFBD, 0xFFBD, 0xFFBD, 0xFFBD, 0xFFBD, 0x4228, 0x0000, 0x0000, 0x0000, 0x0000, 0x0000, 0x9450,
  0xFFBD, 0xFFBD, 0xFFBD, 0xFFBD, 0xDE99, 0x0000, 0x0000, 0x0000, 0x0000, 0x0000, 0x2104, 0xFFBD,
  0xFFBD, 0xFFBD, 0xFFBD, 0xFFBD, 0x4208, 0x0000, 0x0000, 0x0000, 0x0000, 0x0000, 0x0000, 0x0000,
  0x0000, 0x0000, 0x0000, 0x0000, 0x0000, 0x0000, 0x0000, 0xDE99, 0xFFBD, 0xFFBD, 0xFFBD, 0xFFBD,
  0xA4F3, 0x0000, 0x0000, 0x0000, 0x0000, 0x0000, 0x0000, 0x18C3, 0xFFBD, 0xFFBD, 0xFFBD, 0xFFBD,
  0xFFBD, 0x4A69, 0x0000, 0x0000, 0x0000, 0x0000, 0x0000, 0x0000, 0x0000, 0x0000, 0x0000, 0x0000,
  0x0000, 0x0000, 0x0000, 0x0000, 0x0000, 0x0000, 0x0000, 0x0000, 0x0000, 0x0000, 0x0000, 0x0000,
  0x0000, 0x0000, 0x5B26, 0xCF2F, 0xCF2F, 0xCF2F, 0xBE4D, 0x4A85, 0x0000, 0x0000, 0x0000, 0x0000,
  0x0000, 0x0000, 0x0000, 0x0000, 0x0000, 0x2983, 0x6BC8, 0xADCC, 0xCF2E, 0xCF2F, 0xCF2F, 0xCF2F,
  0xCF2F, 0xCF2F, 0xCF2F, 0xCF2F, 0xCF2F, 0xCF2F, 0x18E2, 0x0000, 0x0000, 0x0000, 0x6BA7, 0xCF2F,
  0xCF2F, 0xCF2F, 0xCF2F, 0xCF2F, 0xCF2F, 0xCF2F, 0xCF2F, 0xCF2F, 0xC6CE, 0x950A, 0x52E6, 0x1081,
  0x0000, 0x0000, 0x0000, 0x0000, 0x0000, 0x0000, 0x0000, 0x0000, 0x1081, 0x7408, 0xCF0E, 0xCF2F,
  0xCF2F, 0xCF2E, 0x0860, 0x0000, 0x0000, 0x0000, 0x0000, 0x0000, 0x0000, 0x0000, 0x0000, 0x0000,
  0x0000, 0x0000, 0x0000, 0x0000, 0x0000, 0x0000, 0x0000, 0x0000, 0x0000, 0x0000, 0x0000, 0x0000,
  0x0000, 0x0000, 0x0000, 0x5AAA, 0xFFBD, 0xFFBD, 0xFFBD, 0xFFBD, 0xFFBD, 0x0861, 0x0000, 0x0000,
  0x0000, 0x0000, 0x0000, 0x0000, 0x0000, 0x0000, 0x0000, 0x0000, 0x0000, 0x0000, 0x0000, 0x0000,
  0x0000, 0x20E3, 0xFFBD, 0xFFBD, 0xFFBD, 0xFFBD, 0xFFBD, 0x4A49, 0x0000, 0x0000, 0x0000, 0x0000,
  0x0000, 0x0000, 0x0000, 0x0000, 0x0000, 0x0000, 0x0000, 0x0000, 0x0000, 0x0000, 0x0000, 0x0020,
  0xFFBD, 0xFFBD, 0xFFBD, 0xFFBD, 0xFFBD, 0x5ACB, 0x0000, 0x0000, 0x0000, 0x0000, 0x0000, 0x9450,
  0xFFBD, 0xFFBD, 0xFFBD, 0xFFBD, 0xDE99, 0x0000, 0x0000, 0x0000, 0x0000, 0x0000, 0x2104, 0xFFBD,
  0xFFBD, 0xFFBD, 0xFFBD, 0xFFBD, 0x4208, 0x0000, 0x0000, 0x0000, 0x0000, 0x0000, 0x0000, 0x0000,
  0x0000, 0x0000, 0x0000, 0x0000, 0x0000, 0x0000, 0x0000, 0xAD13, 0xFFBD, 0xFFBD, 0xFFBD, 0xFFBD,
  0xBDB6, 0x0000, 0x0000, 0x0000, 0x0000, 0x0000, 0x0000, 0x18C3, 0xFFBD, 0xFFBD, 0xFFBD, 0xFFBD,
  0xFFBD, 0x4A69, 0x0000, 0x0000, 0x0000, 0x0000, 0x0000, 0x0000, 0x0000, 0x0000, 0x0000, 0x0000,
  0x0000, 0x0000, 0x0000, 0x0000, 0x0000, 0x0000, 0x0000, 0x0000, 0x0000, 0x0000, 0x0000, 0x0000,
  0x0000, 0x0000, 0x8469, 0xCF2F, 0xCF2F, 0xCF2F, 0xCF2F, 0xCF2F, 0xADEC, 0x4224, 0x0000, 0x0000,
  0x0000, 0x0000, 0x0000, 0x0000, 0x0000, 0x0000, 0x0000, 0x0000, 0x10A1, 0x4A65, 0x7408, 0x9D8B,
  0xC6AE, 0xCF2F, 0xCF2F, 0xCF2F, 0xCF2F, 0xCF2F, 0x18E2, 0x0000, 0x0000, 0x0000, 0x6BA7, 0xCF2F,
  0xCF2F, 0xCF2F, 0xCF2F, 0xCF2E, 0xB64D, 0x8CEA, 0x6367, 0x31C3, 0x0020, 0x0000, 0x0000, 0x0000,
  0x0000, 0x0000, 0x0000, 0x0000, 0x0000, 0x0000, 0x0861, 0x6387, 0xC6CE, 0xCF2F, 0xCF2F, 0xCF2F,
  0xCF2F, 0xCF2F, 0x29A3, 0x0000, 0x0000, 0x0000, 0x0000, 0x0000, 0x0000, 0x0000, 0x0000, 0x0000,
  0x0000, 0x0000, 0x0000, 0x0000, 0x0000, 0x0000, 0x0000, 0x0000, 0x0000, 0x0000, 0x0000, 0x0000,
  0x0000, 0x0000, 0x0000, 0x5AAA, 0xFFBD, 0xFFBD, 0xFFBD, 0xFFBD, 0xFFBD, 0x0861, 0x0000, 0x0000,
  0x0000, 0x0000, 0x0000, 0x0000, 0x0000, 0x0000, 0x0000, 0x0000, 0x0000, 0x0000, 0x0000, 0x0000,
  0x0000, 0x20E3, 0xFFBD, 0xFFBD, 0xFFBD, 0xFFBD, 0xFFBD, 0x4A49, 0x0000, 0x0000, 0x0000, 0x0000,
  0x0000, 0x0000, 0x0000, 0x0000, 0x0000, 0x0000, 0x0000, 0x0000, 0x0000, 0x0000, 0x0000, 0x0000,
  0xFFBD, 0xFFBD, 0xFFBD, 0xFFBD, 0xFFBD, 0x632C, 0x0000, 0x0000, 0x0000, 0x0000, 0x0000, 0x9450,
  0xFFBD, 0xFFBD, 0xFFBD, 0xFFBD, 0xDE99, 0x0000, 0x0000, 0x0000, 0x0000, 0x0000, 0x2104, 0xFFBD,
  0xFFBD, 0xFFBD, 0xFFBD, 0xFFBD, 0x4208, 0x0000, 0x0000, 0x0000, 0x0000, 0x0000, 0x0000, 0x0000,
  0x0000, 0x0000, 0x0000, 0x0000, 0x0000, 0x0000, 0x0000, 0xA513, 0xFFBD, 0xFFBD, 0xFFBD, 0xFFBD,
  0xC5F6, 0x0000, 0x0000, 0x0000, 0x0000, 0x0000, 0x0000, 0x18C3, 0xFFBD, 0xFFBD, 0xFFBD, 0xFFBD,
  0xFFBD, 0x4A69, 0x0000, 0x0000, 0x0000, 0x0000, 0x0000, 0x0000, 0x0000, 0x0000, 0x0000, 0x0000,
  0x0000, 0x0000, 0x0000, 0x0000, 0x0000, 0x0000, 0x0000, 0x0000, 0x0000, 0x0000, 0x0000, 0x0000,
  0x0000, 0x0000, 0x8CA9, 0xCF2F, 0xCF2F, 0xCF2F, 0xCF2F, 0xCF2F, 0xCF2F, 0xCF2F, 0xAE0C, 0x4AA5,
  0x0020, 0x0000, 0x0000, 0x0000, 0x0000, 0x0000, 0x0000, 0x0000, 0x0000, 0x0000, 0x0000, 0x0000,
  0x0000, 0x3A04, 0xCF2F, 0xCF2F, 0xCF2F, 0xCF2F, 0x18E2, 0x0000, 0x0000, 0x0000, 0x6BA7, 0xCF2F,
  0xCF2F, 0xCF2F, 0xB60C, 0x0840, 0x0000, 0x0000, 0x0000, 0x0000, 0x0000, 0x0000, 0x0000, 0x0000,
  0x0000, 0x0000, 0x0000, 0x0000, 0x18C1, 0x73E8, 0xC6CE, 0xCF2F, 0xCF2F, 0xCF2F, 0xCF2F, 0xCF2F,
  0xCF2F, 0xCF0E, 0x3A04, 0x0000, 0x0000, 0x0000, 0x0000, 0x0000, 0x0000, 0x0000, 0x0000, 0x0000,
  0x0000, 0x0000, 0x0000, 0x0000, 0x0000, 0x0000, 0x0000, 0x0000, 0x0000, 0x0000, 0x0000, 0x0000,
  0x0000, 0x0000, 0x0000, 0x5AAA, 0xFFBD, 0xFFBD, 0xFFBD, 0xFFBD, 0xFFBD, 0x0861, 0x0000, 0x0000,
  0x0000, 0x0000, 0x0000, 0x0000, 0x0000, 0x0000, 0x0000, 0x0000, 0x0000, 0x0000, 0x0000, 0x0000,
  0x0000, 0x20E3, 0xFFBD, 0xFFBD, 0xFFBD, 0xFFBD, 0xFFBD, 0x4A49, 0x0000, 0x0000, 0x0000, 0x0000,
  0x0000, 0x0000, 0x0000, 0x0000, 0x0000, 0x0000, 0x0000, 0x0000, 0x0000, 0x0000, 0x0000, 0x2945,
  0xFFBD, 0xFFBD, 0xFFBD, 0xFFBD, 0xFFBD, 0x5289, 0x0000, 0x0000, 0x0000, 0x0000, 0x0000, 0x9450,
  0xFFBD, 0xFFBD, 0xFFBD, 0xFFBD, 0xDE99, 0x0000, 0x0000, 0x0000, 0x0000, 0x0000, 0x2104, 0xFFBD,
  0xFFBD, 0xFFBD, 0xFFBD, 0xFFBD, 0x4208, 0x0000, 0x0000, 0x0000, 0x0000, 0x0000, 0x0000, 0x0000,
  0x0000, 0x0000, 0x0000, 0x0000, 0x0000, 0x0000, 0x0000, 0xCE38, 0xFFBD, 0xFFBD, 0xFFBD, 0xFFBD,
  0xAD13, 0x0000, 0x0000, 0x0000, 0x0000, 0x0000, 0x0000, 0x18C3, 0xFFBD, 0xFFBD, 0xFFBD, 0xFFBD,
  0xFFBD, 0x4A69, 0x0000, 0x0000, 0x0000, 0x0000, 0x0000, 0x0000, 0x0000, 0x0000, 0x0000, 0x0000,
  0x0000, 0x0000, 0x0000, 0x0000, 0x0000, 0x0000, 0x0000, 0x0000, 0x0000, 0x0000, 0x0000, 0x0000,
  0x0000, 0x0000, 0x0000, 0x52E6, 0xC6AE, 0xCF2F, 0xCF2F, 0xCF2F, 0xCF2F, 0xCF2F, 0xCF2F, 0xCF2F,
  0xBE8D, 0x73E8, 0x2122, 0x0000, 0x0000, 0x0000, 0x0000, 0x0000, 0x0000, 0x0000, 0x0000, 0x0000,
  0x0000, 0x2983, 0xCF2F, 0xCF2F, 0xCF2F, 0xCF2F, 0x18E2, 0x0000, 0x0000, 0x0000, 0x6BA7, 0xCF2F,
  0xCF2F, 0xCF2F, 0xADEC, 0x0000, 0x0000, 0x0000, 0x0000, 0x0000, 0x0000, 0x0000, 0x0000, 0x0000,
  0x0000, 0x0020, 0x4224, 0x950A, 0xCF0E, 0xCF2F, 0xCF2F, 0xCF2F, 0xCF2F, 0xCF2F, 0xCF2F, 0xCF2F,
  0x952B, 0x2122, 0x0000, 0x0000, 0x0000, 0x0000, 0x0000, 0x0000, 0x0000, 0x0000, 0x0000, 0x0000,
  0x0000, 0x0000, 0x0000, 0x0000, 0x0000, 0x0000, 0x0000, 0x0000, 0x0000, 0x0000, 0x0000, 0x0000,
  0x0000, 0x0000, 0x0000, 0x5AAA, 0xFFBD, 0xFFBD, 0xFFBD, 0xFFBD, 0xFFBD, 0x0861, 0x0000, 0x0000,
  0x0000, 0x0000, 0x0000, 0x0000, 0x0000, 0x0000, 0x0000, 0x0000, 0x0000, 0x0000, 0x0000, 0x0000,
  0x0000, 0x20E3, 0xFFBD, 0xFFBD, 0xFFBD, 0xFFBD, 0xFFBD, 0x4A49, 0x0000, 0x0000, 0x0000, 0x0000,
  0x0000, 0x0000, 0x0000, 0x0000, 0x0000, 0x0000, 0x0000, 0x0000, 0x0000, 0x0000, 0x0020, 0xB574,
  0xFFBD, 0xFFBD, 0xFFBD, 0xFFBD, 0xFFBD, 0x2124, 0x0000, 0x0000, 0x0000, 0x0000, 0x0000, 0x9450,
  0xFFBD, 0xFFBD, 0xFFBD, 0xFFBD, 0xDE99, 0x0000, 0x0000, 0x0000, 0x0000, 0x0000, 0x2104, 0xFFBD,
  0xFFBD, 0xFFBD, 0xFFBD, 0xFFBD, 0x4208, 0x0000, 0x0000, 0x0000, 0x0000, 0x0000, 0x0000, 0x0000,
  0x0000, 0x0000, 0x0000, 0x0000, 0x0000, 0x0000, 0x5ACB, 0xFFBD, 0xFFBD, 0xFFBD, 0xFFBD, 0xFFBD,
  0x632C, 0x0000, 0x0000, 0x0000, 0x0000, 0x0000, 0x0000, 0x18C3, 0xFFBD, 0xFFBD, 0xFFBD, 0xFFBD,
  0xFFBD, 0x4A69, 0x0000, 0x0000, 0x0000, 0x0000, 0x0000, 0x0000, 0x0000, 0x0000, 0x0000, 0x0000,
  0x0000, 0x0000, 0x0000, 0x0000, 0x0000, 0x0000, 0x0000, 0x0000, 0x0000, 0x0000, 0x0000, 0x0000,
  0x0000, 0x0000, 0x0000, 0x0000, 0x0861, 0x73E8, 0xCEEE, 0xCF2F, 0xCF2F, 0xCF2F, 0xCF2F, 0xCF2F,
  0xCF2F, 0xCF2F, 0xCF2F, 0xADEC, 0x6367, 0x2122, 0x0000, 0x0000, 0x0000, 0x0000, 0x0000, 0x0000,
  0x0000, 0x2983, 0xCF2F, 0xCF2F, 0xCF2F, 0xCF2F, 0x18E2, 0x0000, 0x0000, 0x0000, 0x6BA7, 0xCF2F,
  0xCF2F, 0xCF2F, 0xADEC, 0x0000, 0x0000, 0x0000, 0x0000, 0x0000, 0x0000, 0x0000, 0x0020, 0x39E4,
  0x7C69, 0xC6AD, 0xCF2F, 0xCF2F, 0xCF2F, 0xCF2F, 0xCF2F, 0xCF2F, 0xCF2F, 0xCF2F, 0xB62D, 0x4224,
  0x0000, 0x0000, 0x0000, 0x0000, 0x0000, 0x0000, 0x0000, 0x0000, 0x0000, 0x0000, 0x0000, 0x0000,
  0x0000, 0x0000, 0x0000, 0x0000, 0x0000, 0x0000, 0x0000, 0x0000, 0x0000, 0x0000, 0x0000, 0x0000,
  0x0000, 0x0000, 0x0000, 0x5AAA, 0xFFBD, 0xFFBD, 0xFFBD, 0xFFBD, 0xFFBD, 0x0861, 0x0000, 0x0000,
  0x0000, 0x0000, 0x0000, 0x0000, 0x0000, 0x0000, 0x0000, 0x0000, 0x0000, 0x0000, 0x0000, 0x0000,
  0x0000, 0x20E3, 0xFFBD, 0xFFBD, 0xFFBD, 0xFFBD, 0xFFBD, 0xBDB6, 0x9CD2, 0x9CD2, 0x9CD2, 0x9CD2,
  0x9CD2, 0x9CD2, 0x9CD2, 0x9CD2, 0x9CD2, 0x9CD2, 0x9CD2, 0x9CD2, 0x9CD2, 0xA4F3, 0xDEBA, 0xFFBD,
  0xFFBD, 0xFFBD, 0xFFBD, 0xFFBD, 0xDEB9, 0x0000, 0x0000, 0x0000, 0x0000, 0x0000, 0x0000, 0x9450,
  0xFFBD, 0xFFBD, 0xFFBD, 0xFFBD, 0xDE99, 0x0000, 0x0000, 0x0000, 0x0000, 0x0000, 0x2104, 0xFFBD,
  0xFFBD, 0xFFBD, 0xFFBD, 0xFFBD, 0xBD95, 0x9CD2, 0x9CD2, 0x9CD2, 0x9CD2, 0x9CD2, 0x9CD2, 0x9CD2,
  0x9CD2, 0x9CD2, 0x9CD2, 0x9CD2, 0x9CD2, 0xBDD6, 0xFFBD, 0xFFBD, 0xFFBD, 0xFFBD, 0xFFBD, 0xEF3C,
  0x1082, 0x0000, 0x0000, 0x0000, 0x0000, 0x0000, 0x0000, 0x18C3, 0xFFBD, 0xFFBD, 0xFFBD, 0xFFBD,
  0xFFBD, 0xBDB6, 0x9CB2, 0x9CB2, 0x9CB2, 0x9CB2, 0x9CB2, 0x9CB2, 0x9CB2, 0x9CB2, 0x9CB2, 0x9CB2,
  0x9CB2, 0x9CB2, 0x9CB2, 0x9CB2, 0x9C91, 0x0000, 0x0000, 0x0000, 0x0000, 0x0000, 0x0000, 0x0000,
  0x0000, 0x0000, 0x0000, 0x0000, 0x0000, 0x0000, 0x18C1, 0x7C48, 0xCEEE, 0xCF2F, 0xCF2F, 0xCF2F,
  0xCF2F, 0xCF2F, 0xCF2F, 0xCF2F, 0xCF2F, 0xCF2F, 0xB64D, 0x7C49, 0x4AA5, 0x1081, 0x0000, 0x0000,
  0x0000, 0x2983, 0xCF2F, 0xCF2F, 0xCF2F, 0xCF2F, 0x18E2, 0x0000, 0x0000, 0x0000, 0x6BA7, 0xCF2F,
  0xCF2F, 0xCF2F, 0xADEC, 0x0000, 0x0000, 0x0000, 0x0000, 0x2962, 0x5B46, 0x950A, 0xC6EE, 0xCF2F,
  0xCF2F, 0xCF2F, 0xCF2F, 0xCF2F, 0xCF2F, 0xCF2F, 0xCF2F, 0xCF2F, 0xB60C, 0x4AC5, 0x0020, 0x0000,
  0x0000, 0x0000, 0x0000, 0x0000, 0x0000, 0x0000, 0x0000, 0x0000, 0x0000, 0x0000, 0x0000, 0x0000,
  0x0000, 0x0000, 0x0000, 0x0000, 0x0000, 0x0000, 0x0000, 0x0000, 0x0000, 0x0000, 0x0000, 0x0000,
  0x0000, 0x0000, 0x0000, 0x5AAA, 0xFFBD, 0xFFBD, 0xFFBD, 0xFFBD, 0xFFBD, 0x0861, 0x0000, 0x0000,
  0x0000, 0x0000, 0x0000, 0x0000, 0x0000, 0x0000, 0x0000, 0x0000, 0x0000, 0x0000, 0x0000, 0x0000,
  0x0000, 0x20E3, 0xFFBD, 0xFFBD, 0xFFBD, 0xFFBD, 0xFFBD, 0xFFBD, 0xFFBD, 0xFFBD, 0xFFBD, 0xFFBD,
  0xFFBD, 0xFFBD, 0xFFBD, 0xFFBD, 0xFFBD, 0xFFBD, 0xFFBD, 0xFFBD, 0xFFBD, 0xFFBD, 0xFFBD, 0xFFBD,
  0xFFBD, 0xFFBD, 0xFFBD, 0xFFBD, 0x6B4C, 0x0000, 0x0000, 0x0000, 0x0000, 0x0000, 0x0000, 0x9450,
  0xFFBD, 0xFFBD, 0xFFBD, 0xFFBD, 0xDE99, 0x0000, 0x0000, 0x0000, 0x0000, 0x0000, 0x2104, 0xFFBD,
  0xFFBD, 0xFFBD, 0xFFBD, 0xFFBD, 0xFFBD, 0xFFBD, 0xFFBD, 0xFFBD, 0xFFBD, 0xFFBD, 0xFFBD, 0xFFBD,
  0xFFBD, 0xFFBD, 0xFFBD, 0xFFBD, 0xFFBD, 0xFFBD, 0xFFBD, 0xFFBD, 0xFFBD, 0xFFBD, 0xFFBD, 0x62EB,
  0x0000, 0x0000, 0x0000, 0x0000, 0x0000, 0x0000, 0x0000, 0x18C3, 0xFFBD, 0xFFBD, 0xFFBD, 0xFFBD,
  0xFFBD, 0xFFBD, 0xFFBD, 0xFFBD, 0xFFBD, 0xFFBD, 0xFFBD, 0xFFBD, 0xFFBD, 0xFFBD, 0xFFBD, 0xFFBD,
  0xFFBD, 0xFFBD, 0xFFBD, 0xFFBD, 0xFF9D, 0x0000, 0x0000, 0x0000, 0x0000, 0x0000, 0x0000, 0x0000,
  0x0000, 0x0000, 0x0000, 0x0000, 0x0000, 0x0000, 0x0000, 0x0000, 0x10C1, 0x6BC8, 0xC6AE, 0xCF2F,
  0xCF2F, 0xCF2F, 0xCF2F, 0xCF2F, 0xCF2F, 0xCF2F, 0xCF2F, 0xCF2F, 0xCF2F, 0x5B26, 0x0000, 0x0000,
  0x0000, 0x2983, 0xCF2F, 0xCF2F, 0xCF2F, 0xCF2F, 0x18E2, 0x0000, 0x0000, 0x0000, 0x6BA7, 0xCF2F,
  0xCF2F, 0xCF2F, 0xADEC, 0x0000, 0x0000, 0x0000, 0x0000, 0xADCC, 0xCF2F, 0xCF2F, 0xCF2F, 0xCF2F,
  0xCF2F, 0xCF2F, 0xCF2F, 0xCF2F, 0xCF2F, 0xCF2F, 0xA5CC, 0x4265, 0x0000, 0x0000, 0x0000, 0x0000,
  0x0000, 0x0000, 0x0000, 0x0000, 0x0000, 0x0000, 0x0000, 0x0000, 0x0000, 0x0000, 0x0000, 0x0000,
  0x0000, 0x0000, 0x0000, 0x0000, 0x0000, 0x0000, 0x0000, 0x0000, 0x0000, 0x0000, 0x0000, 0x0000,
  0x0000, 0x0000, 0x0000, 0x5AAA, 0xFFBD, 0xFFBD, 0xFFBD, 0xFFBD, 0xFFBD, 0x0861, 0x0000, 0x0000,
  0x0000, 0x0000, 0x0000, 0x0000, 0x0000, 0x0000, 0x0000, 0x0000, 0x0000, 0x0000, 0x0000, 0x0000,
  0x0000, 0x20E3, 0xFFBD, 0xFFBD, 0xFFBD, 0xFFBD, 0xFFBD, 0xFFBD, 0xFFBD, 0xFFBD, 0xFFBD, 0xFFBD,
  0xFFBD, 0xFFBD, 0xFFBD, 0xFFBD, 0xFFBD, 0xFFBD, 0xFFBD, 0xFFBD, 0xFFBD, 0xFFBD, 0xFFBD, 0xFFBD,
  0xFFBD, 0xFFBD, 0xFFBD, 0xC5F7, 0x0000, 0x0000, 0x0000, 0x0000, 0x0000, 0x0000, 0x0000, 0x9450,
  0xFFBD, 0xFFBD, 0xFFBD, 0xFFBD, 0xDE99, 0x0000, 0x0000, 0x0000, 0x0000, 0x0000, 0x2104, 0xFFBD,
  0xFFBD, 0xFFBD, 0xFFBD, 0xFFBD, 0xFFBD, 0xFFBD, 0xFFBD, 0xFFBD, 0xFFBD, 0xFFBD, 0xFFBD, 0xFFBD,
  0xFFBD, 0xFFBD, 0xFFBD, 0xFFBD, 0xFFBD, 0xFFBD, 0xFFBD, 0xFFBD, 0xFFBD, 0xFFBD, 0xA4F2, 0x0000,
  0x0000, 0x0000, 0x0000, 0x0000, 0x0000, 0x0000, 0x0000, 0x18C3, 0xFFBD, 0xFFBD, 0xFFBD, 0xFFBD,
  0xFFBD, 0xFFBD, 0xFFBD, 0xFFBD, 0xFFBD, 0xFFBD, 0xFFBD, 0xFFBD, 0xFFBD, 0xFFBD, 0xFFBD, 0xFFBD,
  0xFFBD, 0xFFBD, 0xFFBD, 0xFFBD, 0xFF9D, 0x0000, 0x0000, 0x0000, 0x0000, 0x0000, 0x0000, 0x0000,
  0x0000, 0x0000, 0x0000, 0x0000, 0x0000, 0x0000, 0x0000, 0x0000, 0x10C1, 0x73C8, 0xC6AE, 0xCF2F,
  0xCF2F, 0xCF2F, 0xCF2F, 0xCF2F, 0xCF2F, 0xCF2F, 0xCF2F, 0xCF2F, 0xCF2F, 0x5B26, 0x0000, 0x0000,
  0x0000, 0x2983, 0xCF2F, 0xCF2F, 0xCF2F, 0xCF2F, 0x18E2, 0x0000, 0x0000, 0x0000, 0x6BA7, 0xCF2F,
  0xCF2F, 0xCF2F, 0xADEC, 0x0000, 0x0000, 0x0000, 0x0000, 0xADCC, 0xCF2F, 0xCF2F, 0xCF2F, 0xCF2F,
  0xCF2F, 0xCF2F, 0xCF2F, 0xCF2F, 0xCF2F, 0xCF2F, 0xA5AB, 0x4244, 0x0000, 0x0000, 0x0000, 0x0000,
  0x0000, 0x0000, 0x0000, 0x0000, 0x0000, 0x0000, 0x0000, 0x0000, 0x0000, 0x0000, 0x0000, 0x0000,
  0x0000, 0x0000, 0x0000, 0x0000, 0x0000, 0x0000, 0x0000, 0x0000, 0x0000, 0x0000, 0x0000, 0x0000,
  0x0000, 0x0000, 0x0000, 0x5AAA, 0xFFBD, 0xFFBD, 0xFFBD, 0xFFBD, 0xFFBD, 0x0861, 0x0000, 0x0000,
  0x0000, 0x0000, 0x0000, 0x0000, 0x0000, 0x0000, 0x0000, 0x0000, 0x0000, 0x0000, 0x0000, 0x0000,
  0x0000, 0x20E3, 0xFFBD, 0xFFBD, 0xFFBD, 0xFFBD, 0xFFBD, 0xFFBD, 0xFFBD, 0xFFBD, 0xFFBD, 0xFFBD,
  0xFFBD, 0xFFBD, 0xFFBD, 0xFFBD, 0xFFBD, 0xFFBD, 0xFFBD, 0xFFBD, 0xFFBD, 0xFFBD, 0xFFBD, 0xFFBD,
  0xFFBD, 0xFFBD, 0xCE38, 0x10A2, 0x0000, 0x0000, 0x0000, 0x0000, 0x0000, 0x0000, 0x0000, 0x9450,
  0xFFBD, 0xFFBD, 0xFFBD, 0xFFBD, 0xDE99, 0x0000, 0x0000, 0x0000, 0x0000, 0x0000, 0x2104, 0xFFBD,
  0xFFBD, 0xFFBD, 0xFFBD, 0xFFBD, 0xFFBD, 0xFFBD, 0xFFBD, 0xFFBD, 0xFFBD, 0xFFBD, 0xFFBD, 0xFFBD,
  0xFFBD, 0xFFBD, 0xFFBD, 0xFFBD, 0xFFBD, 0xFFBD, 0xFFBD, 0xFFBD, 0xFFBD, 0xFFBD, 0xFFBD, 0x840F,
  0x0000, 0x0000, 0x0000, 0x0000, 0x0000, 0x0000, 0x0000, 0x18C3, 0xFFBD, 0xFFBD, 0xFFBD, 0xFFBD,
  0xFFBD, 0xFFBD, 0xFFBD, 0xFFBD, 0xFFBD, 0xFFBD, 0xFFBD, 0xFFBD, 0xFFBD, 0xFFBD, 0xFFBD, 0xFFBD,
  0xFFBD, 0xFFBD, 0xFFBD, 0xFFBD, 0xFF9D, 0x0000, 0x0000, 0x0000, 0x0000, 0x0000, 0x0000, 0x0000,
  0x0000, 0x0000, 0x0000, 0x0000, 0x0000, 0x0000, 0x18C1, 0x7C49, 0xCF0E, 0xCF2F, 0xCF2F, 0xCF2F,
  0xCF2F, 0xCF2F, 0xCF2F, 0xCF2F, 0xCF2F, 0xCF2F, 0xB64D, 0x7C69, 0x4AA5, 0x10A1, 0x0000, 0x0000,
  0x0000, 0x2983, 0xCF2F, 0xCF2F, 0xCF2F, 0xCF2F, 0x18E2, 0x0000, 0x0000, 0x0000, 0x6BA7, 0xCF2F,
  0xCF2F, 0xCF2F, 0xADEC, 0x0000, 0x0000, 0x0000, 0x0000, 0x2963, 0x6347, 0x950A, 0xC6EE, 0xCF2F,
  0xCF2F, 0xCF2F, 0xCF2F, 0xCF2F, 0xCF2F, 0xCF2F, 0xCF2F, 0xCF2F, 0xAE0C, 0x4AA5, 0x0020, 0x0000,
  0x0000, 0x0000, 0x0000, 0x0000, 0x0000, 0x0000, 0x0000, 0x0000, 0x0000, 0x0000, 0x0000, 0x0000,
  0x0000, 0x0000, 0x0000, 0x0000, 0x0000, 0x0000, 0x0000, 0x0000, 0x0000, 0x0000, 0x0000, 0x0000,
  0x0000, 0x0000, 0x0000, 0x5AAA, 0xFFBD, 0xFFBD, 0xFFBD, 0xFFBD, 0xFFBD, 0x0861, 0x0000, 0x0000,
  0x0000, 0x0000, 0x0000, 0x0000, 0x0000, 0x0000, 0x0000, 0x0000, 0x0000, 0x0000, 0x0000, 0x0000,
  0x0000, 0x20E3, 0xFFBD, 0xFFBD, 0xFFBD, 0xFFBD, 0xFFBD, 0xFFBD, 0xFFBD, 0xFFBD, 0xFFBD, 0xFFBD,
  0xFFBD, 0xFFBD, 0xFFBD, 0xFFBD, 0xFFBD, 0xFFBD, 0xFFBD, 0xFFBD, 0xFFBD, 0xFFBD, 0xFFBD, 0xFFBD,
  0xEF3C, 0x83EF, 0x0020, 0x0000, 0x0000, 0x0000, 0x0000, 0x0000, 0x0000, 0x0000, 0x0000, 0x9450,
  0xFFBD, 0xFFBD, 0xFFBD, 0xFFBD, 0xDE99, 0x0000, 0x0000, 0x0000, 0x0000, 0x0000, 0x2104, 0xFFBD,
  0xFFBD, 0xFFBD, 0xFFBD, 0xFFBD, 0xFFBD, 0xFFBD, 0xFFBD, 0xFFBD, 0xFFBD, 0xFFBD, 0xFFBD, 0xFFBD,
  0xFFBD, 0xFFBD, 0xFFBD, 0xFFBD, 0xFFBD, 0xFFBD, 0xFFBD, 0xFFBD, 0xFFBD, 0xFFBD, 0xFFBD, 0xFFBD,
  0x7BCE, 0x0000, 0x0000, 0x0000, 0x0000, 0x0000, 0x0000, 0x18C3, 0xFFBD, 0xFFBD, 0xFFBD, 0xFFBD,
  0xFFBD, 0xFFBD, 0xFFBD, 0xFFBD, 0xFFBD, 0xFFBD, 0xFFBD, 0xFFBD, 0xFFBD, 0xFFBD, 0xFFBD, 0xFFBD,
  0xFFBD, 0xFFBD, 0xFFBD, 0xFFBD, 0xFF9D, 0x0000, 0x0000, 0x0000, 0x0000, 0x0000, 0x0000, 0x0000,
  0x0000, 0x0000, 0x0000, 0x0000, 0x0840, 0x6BC8, 0xCEEE, 0xCF2F, 0xCF2F, 0xCF2F, 0xCF2F, 0xCF2F,
  0xCF2F, 0xCF2F, 0xCF2F, 0xADEC, 0x6387, 0x2122, 0x0000, 0x0000, 0x0000, 0x0000, 0x0000, 0x0000,
  0x0000, 0x2983, 0xCF2F, 0xCF2F, 0xCF2F, 0xCF2F, 0x18E2, 0x0000, 0x0000, 0x0000, 0x6BA7, 0xCF2F,
  0xCF2F, 0xCF2F, 0xADEC, 0x0000, 0x0000, 0x0000, 0x0000, 0x0000, 0x0000, 0x0000, 0x0020, 0x3A04,
  0x7C69, 0xC6AE, 0xCF2F, 0xCF2F, 0xCF2F, 0xCF2F, 0xCF2F, 0xCF2F, 0xCF2F, 0xCF2F, 0xB62D, 0x4265,
  0x0000, 0x0000, 0x0000, 0x0000, 0x0000, 0x0000, 0x0000, 0x0000, 0x0000, 0x0000, 0x0000, 0x0000,
  0x0000, 0x0000, 0x0000, 0x0000, 0x0000, 0x0000, 0x0000, 0x0000, 0x0000, 0x0000, 0x0000, 0x0000,
  0x0000, 0x0000, 0x0000, 0x5AAA, 0xFFBD, 0xFFBD, 0xFFBD, 0xFFBD, 0xFFBD, 0x0861, 0x0000, 0x0000,
  0x0000, 0x0000, 0x0000, 0x0000, 0x0000, 0x0000, 0x0000, 0x0000, 0x0000, 0x0000, 0x0000, 0x0000,
  0x0000, 0x20E3, 0xFFBD, 0xFFBD, 0xFFBD, 0xFFBD, 0xFFBD, 0xB554, 0x9450, 0x9450, 0x9450, 0x9450,
  0x9450, 0x9450, 0x9450, 0x9450, 0xBDB5, 0xFFBD, 0xFFBD, 0xFFBD, 0xFFBD, 0xFFBD, 0xB575, 0x4A48,
  0x0841, 0x0000, 0x0000, 0x0000, 0x0000, 0x0000, 0x0000, 0x0000, 0x0000, 0x0000, 0x0000, 0x9450,
  0xFFBD, 0xFFBD, 0xFFBD, 0xFFBD, 0xDE99, 0x0000, 0x0000, 0x0000, 0x0000, 0x0000, 0x2104, 0xFFBD,
  0xFFBD, 0xFFBD, 0xFFBD, 0xFFBD, 0xAD54, 0x9450, 0x9450, 0x9450, 0x9450, 0x9450, 0x9450, 0x9450,
  0x9450, 0x9450, 0x9450, 0x9450, 0x9450, 0x9450, 0xAD34, 0xFF9D, 0xFFBD, 0xFFBD, 0xFFBD, 0xFFBD,
  0xFF9D, 0x2104, 0x0000, 0x0000, 0x0000, 0x0000, 0x0000, 0x18C3, 0xFFBD, 0xFFBD, 0xFFBD, 0xFFBD,
  0xFFBD, 0xB575, 0x9471, 0x9471, 0x9471, 0x9471, 0x9471, 0x9471, 0x9471, 0x9471, 0x9471, 0x9471,
  0x9471, 0x9471, 0x9471, 0x9471, 0x8C50, 0x0000, 0x0000, 0x0000, 0x0000, 0x0000, 0x0000, 0x0000,
  0x0000, 0x0000, 0x0000, 0x4AA5, 0xBE6D, 0xCF2F, 0xCF2F, 0xCF2F, 0xCF2F, 0xCF2F, 0xCF2F, 0xCF2F,
  0xC6AE, 0x7408, 0x2122, 0x0000, 0x0000, 0x0000, 0x0000, 0x0000, 0x0000, 0x0000, 0x0000, 0x0000,
  0x0000, 0x2983, 0xCF2F, 0xCF2F, 0xCF2F, 0xCF2F, 0x18E2, 0x0000, 0x0000, 0x0000, 0x6BA7, 0xCF2F,
  0xCF2F, 0xCF2F, 0xADEC, 0x0000, 0x0000, 0x0000, 0x0000, 0x0000, 0x0000, 0x0000, 0x0000, 0x0000,
  0x0000, 0x0020, 0x4224, 0x950A, 0xCF0E, 0xCF2F, 0xCF2F, 0xCF2F, 0xCF2F, 0xCF2F, 0xCF2F, 0xCF2F,
  0xA58B, 0x2142, 0x0000, 0x0000, 0x0000, 0x0000, 0x0000, 0x0000, 0x0000, 0x0000, 0x0000, 0x0000,
  0x0000, 0x0000, 0x0000, 0x0000, 0x0000, 0x0000, 0x0000, 0x0000, 0x0000, 0x0000, 0x0000, 0x0000,
  0x0000, 0x0000, 0x0000, 0x5AAA, 0xFFBD, 0xFFBD, 0xFFBD, 0xFFBD, 0xFFBD, 0x0861, 0x0000, 0x0000,
  0x0000, 0x0000, 0x0000, 0x0000, 0x0000, 0x0000, 0x0000, 0x0000, 0x0000, 0x0000, 0x0000, 0x0000,
  0x0000, 0x20E3, 0xFFBD, 0xFFBD, 0xFFBD, 0xFFBD, 0xFFBD, 0x4A49, 0x0000, 0x0000, 0x0000, 0x0000,
  0x0000, 0x0000, 0x0000, 0x0000, 0x0861, 0xEF1B, 0xFFBD, 0xFFBD, 0xFFBD, 0xFFBD, 0xE6DA, 0x0841,
  0x0000, 0x0000, 0x0000, 0x0000, 0x0000, 0x0000, 0x0000, 0x0000, 0x0000, 0x0000, 0x0000, 0x9450,
  0xFFBD, 0xFFBD, 0xFFBD, 0xFFBD, 0xDE99, 0x0000, 0x0000, 0x0000, 0x0000, 0x0000, 0x2104, 0xFFBD,
  0xFFBD, 0xFFBD, 0xFFBD, 0xFFBD, 0x4208, 0x0000, 0x0000, 0x0000, 0x0000, 0x0000, 0x0000, 0x0000,
  0x0000, 0x0000, 0x0000, 0x0000, 0x0000, 0x0000, 0x0000, 0x41E7, 0xFFBD, 0xFFBD, 0xFFBD, 0xFFBD,
  0xFFBD, 0x8C30, 0x0000, 0x0000, 0x0000, 0x0000, 0x0000, 0x18C3, 0xFFBD, 0xFFBD, 0xFFBD, 0xFFBD,
  0xFFBD, 0x4A69, 0x0000, 0x0000, 0x0000, 0x0000, 0x0000, 0x0000, 0x0000, 0x0000, 0x0000, 0x0000,
  0x0000, 0x0000, 0x0000, 0x0000, 0x0000, 0x0000, 0x0000, 0x0000, 0x0000, 0x0000, 0x0000, 0x0000,
  0x0000, 0x0000, 0x84A9, 0xCF2F, 0xCF2F, 0xCF2F, 0xCF2F, 0xCF2F, 0xCF2F, 0xCF2F, 0xAE0C, 0x52C5,
  0x0020, 0x0000, 0x0000, 0x0000, 0x0000, 0x0000, 0x0000, 0x0000, 0x0000, 0x0000, 0x0000, 0x0000,
  0x0000, 0x2983, 0xCF2F, 0xCF2F, 0xCF2F, 0xCF2F, 0x18E2, 0x0000, 0x0000, 0x0000, 0x6BA7, 0xCF2F,
  0xCF2F, 0xCF2F, 0xADEC, 0x0000, 0x0000, 0x0000, 0x0000, 0x0000, 0x0000, 0x0000, 0x0000, 0x0000,
  0x0000, 0x0000, 0x0000, 0x0000, 0x18C1, 0x7408, 0xC6CE, 0xCF2F, 0xCF2F, 0xCF2F, 0xCF2F, 0xCF2F,
  0xCF2F, 0xCF0E, 0x3A04, 0x0000, 0x0000, 0x0000, 0x0000, 0x0000, 0x0000, 0x0000, 0x0000, 0x0000,
  0x0000, 0x0000, 0x0000, 0x0000, 0x0000, 0x0000, 0x0000, 0x0000, 0x0000, 0x0000, 0x0000, 0x0000,
  0x0000, 0x0000, 0x0000, 0x5AAA, 0xFFBD, 0xFFBD, 0xFFBD, 0xFFBD, 0xFFBD, 0x0861, 0x0000, 0x0000,
  0x0000, 0x0000, 0x0000, 0x0000, 0x0000, 0x0000, 0x0000, 0x0000, 0x0000, 0x0000, 0x0000, 0x0000,
  0x0000, 0x20E3, 0xFFBD, 0xFFBD, 0xFFBD, 0xFFBD, 0xFFBD, 0x4A49, 0x0000, 0x0000, 0x0000, 0x0000,
  0x0000, 0x0000, 0x0000, 0x0000, 0x0000, 0x630B, 0xFFBD, 0xFFBD, 0xFFBD, 0xFFBD, 0xFFBD, 0x840F,
  0x0000, 0x0000, 0x0000, 0x0000, 0x0000, 0x0000, 0x0000, 0x0000, 0x0000, 0x0000, 0x0000, 0x9450,
  0xFFBD, 0xFFBD, 0xFFBD, 0xFFBD, 0xDE99, 0x0000, 0x0000, 0x0000, 0x0000, 0x0000, 0x2104, 0xFFBD,
  0xFFBD, 0xFFBD, 0xFFBD, 0xFFBD, 0x4208, 0x0000, 0x0000, 0x0000, 0x0000, 0x0000, 0x0000, 0x0000,
  0x0000, 0x0000, 0x0000, 0x0000, 0x0000, 0x0000, 0x0000, 0x0000, 0xAD34, 0xFFBD, 0xFFBD, 0xFFBD,
  0xFFBD, 0xC5F7, 0x0000, 0x0000, 0x0000, 0x0000, 0x0000, 0x18C3, 0xFFBD, 0xFFBD, 0xFFBD, 0xFFBD,
  0xFFBD, 0x4A69, 0x0000, 0x0000, 0x0000, 0x0000, 0x0000, 0x0000, 0x0000, 0x0000, 0x0000, 0x0000,
  0x0000, 0x0000, 0x0000, 0x0000, 0x0000, 0x0000, 0x0000, 0x0000, 0x0000, 0x0000, 0x0000, 0x0000,
  0x0000, 0x0000, 0x7C69, 0xCF2F, 0xCF2F, 0xCF2F, 0xCF2F, 0xCF2F, 0xADEC, 0x4244, 0x0000, 0x0000,
  0x0000, 0x0000, 0x0000, 0x0000, 0x0000, 0x0000, 0x0000, 0x0000, 0x10A1, 0x18E1, 0x0000, 0x0000,
  0x0000, 0x2983, 0xCF2F, 0xCF2F, 0xCF2F, 0xCF2F, 0x18E2, 0x0000, 0x0000, 0x0000, 0x6BA7, 0xCF2F,
  0xCF2F, 0xCF2F, 0xADEC, 0x0000, 0x0000, 0x0000, 0x0000, 0x2142, 0x0020, 0x0000, 0x0000, 0x0000,
  0x0000, 0x0000, 0x0000, 0x0000, 0x0000, 0x0000, 0x0861, 0x6BA7, 0xC6CE, 0xCF2F, 0xCF2F, 0xCF2F,
  0xCF2F, 0xCF2F, 0x31A3, 0x0000, 0x0000, 0x0000, 0x0000, 0x0000, 0x0000, 0x0000, 0x0000, 0x0000,
  0x0000, 0x0000, 0x0000, 0x0000, 0x0000, 0x0000, 0x0000, 0x0000, 0x0000, 0x0000, 0x0000, 0x0000,
  0x0000, 0x0000, 0x0000, 0x5AAA, 0xFFBD, 0xFFBD, 0xFFBD, 0xFFBD, 0xFFBD, 0x0861, 0x0000, 0x0000,
  0x0000, 0x0000, 0x0000, 0x0000, 0x0000, 0x0000, 0x0000, 0x0000, 0x0000, 0x0000, 0x0000, 0x0000,
  0x0000, 0x20E3, 0xFFBD, 0xFFBD, 0xFFBD, 0xFFBD, 0xFFBD, 0x4A49, 0x0000, 0x0000, 0x0000, 0x0000,
  0x0000, 0x0000, 0x0000, 0x0000, 0x0000, 0x0000, 0xCE38, 0xFFBD, 0xFFBD, 0xFFBD, 0xFFBD, 0xFF9D,
  0x2104, 0x0000, 0x0000, 0x0000, 0x0000, 0x0000, 0x0000, 0x0000, 0x0000, 0x0000, 0x0000, 0x9450,
  0xFFBD, 0xFFBD, 0xFFBD, 0xFFBD, 0xDE99, 0x0000, 0x0000, 0x0000, 0x0000, 0x0000, 0x2104, 0xFFBD,
  0xFFBD, 0xFFBD, 0xFFBD, 0xFFBD, 0x4208, 0x0000, 0x0000, 0x0000, 0x0000, 0x0000, 0x0000, 0x0000,
  0x0000, 0x0000, 0x0000, 0x0000, 0x0000, 0x0000, 0x0000, 0x0000, 0x8C30, 0xFFBD, 0xFFBD, 0xFFBD,
  0xFFBD, 0xDEBA, 0x0000, 0x0000, 0x0000, 0x0000, 0x0000, 0x18C3, 0xFFBD, 0xFFBD, 0xFFBD, 0xFFBD,
  0xFFBD, 0x4A69, 0x0000, 0x0000, 0x0000, 0x0000, 0x0000, 0x0000, 0x0000, 0x0000, 0x0000, 0x0000,
  0x0000, 0x0000, 0x0000, 0x0000, 0x0000, 0x0000, 0x0000, 0x0000, 0x0000, 0x0000, 0x0000, 0x0000,
  0x0000, 0x0000, 0x5B06, 0xCF2F, 0xCF2F, 0xCF2F, 0xBE4D, 0x4A85, 0x0000, 0x0000, 0x0000, 0x0000,
  0x0000, 0x0000, 0x0000, 0x0000, 0x0000, 0x2983, 0x6BC8, 0xADCC, 0xCF2E, 0x5B26, 0x0000, 0x0000,
  0x0000, 0x2983, 0xCF2F, 0xCF2F, 0xCF2F, 0xCF2F, 0x18E2, 0x0000, 0x0000, 0x0000, 0x6BA7, 0xCF2F,
  0xCF2F, 0xCF2F, 0xADEC, 0x0000, 0x0000, 0x0000, 0x0000, 0xADCC, 0xC6CE, 0x950A, 0x5306, 0x10A1,
  0x0000, 0x0000, 0x0000, 0x0000, 0x0000, 0x0000, 0x0000, 0x0000, 0x1081, 0x7408, 0xCF0E, 0xCF2F,
  0xCF2F, 0xCF2E, 0x0860, 0x0000, 0x0000, 0x0000, 0x0000, 0x0000, 0x0000, 0x0000, 0x0000, 0x0000,
  0x0000, 0x0000, 0x0000, 0x0000, 0x0000, 0x0000, 0x0000, 0x0000, 0x0000, 0x0000, 0x0000, 0x0000,
  0x0000, 0x0000, 0x0000, 0x5AAA, 0xFFBD, 0xFFBD, 0xFFBD, 0xFFBD, 0xFFBD, 0x0861, 0x0000, 0x0000,
  0x0000, 0x0000, 0x0000, 0x0000, 0x0000, 0x0000, 0x0000, 0x0000, 0x0000, 0x0000, 0x0000, 0x0000,
  0x0000, 0x20E3, 0xFFBD, 0xFFBD, 0xFFBD, 0xFFBD, 0xFFBD, 0x4A49, 0x0000, 0x0000, 0x0000, 0x0000,
  0x0000, 0x0000, 0x0000, 0x0000, 0x0000, 0x0000, 0x39C7, 0xFFBD, 0xFFBD, 0xFFBD, 0xFFBD, 0xFFBD,
  0xB595, 0x0000, 0x0000, 0x0000, 0x0000, 0x0000, 0x0000, 0x0000, 0x0000, 0x0000, 0x0000, 0x9450,
  0xFFBD, 0xFFBD, 0xFFBD, 0xFFBD, 0xDE99, 0x0000, 0x0000, 0x0000, 0x0000, 0x0000, 0x2104, 0xFFBD,
  0xFFBD, 0xFFBD, 0xFFBD, 0xFFBD, 0x4208, 0x0000, 0x0000, 0x0000, 0x0000, 0x0000, 0x0000, 0x0000,
  0x0000, 0x0000, 0x0000, 0x0000, 0x0000, 0x0000, 0x0000, 0x0000, 0x8C30, 0xFFBD, 0xFFBD, 0xFFBD,
  0xFFBD, 0xD678, 0x0000, 0x0000, 0x0000, 0x0000, 0x0000, 0x18C3, 0xFFBD, 0xFFBD, 0xFFBD, 0xFFBD,
  0xFFBD, 0x4A69, 0x0000, 0x0000, 0x0000, 0x0000, 0x0000, 0x0000, 0x0000, 0x0000, 0x0000, 0x0000,
  0x0000, 0x0000, 0x0000, 0x0000, 0x0000, 0x0000, 0x0000, 0x0000, 0x0000, 0x0000, 0x0000, 0x0000,
  0x0000, 0x0000, 0x2162, 0xCF2F, 0xCF0E, 0x7408, 0x0840, 0x0000, 0x0000, 0x0000, 0x0000, 0x0000,
  0x0000, 0x0000, 0x18E1, 0x6387, 0xB62C, 0xCF2F, 0xCF2F, 0xCF2F, 0xCF2F, 0x5B26, 0x0000, 0x0000,
  0x0000, 0x2983, 0xCF2F, 0xCF2F, 0xCF2F, 0xCF2F, 0x18E2, 0x0000, 0x0000, 0x0000, 0x6BA7, 0xCF2F,
  0xCF2F, 0xCF2F, 0xADEC, 0x0000, 0x0000, 0x0000, 0x0000, 0xADCC, 0xCF2F, 0xCF2F, 0xCF2F, 0xCF0E,
  0x952A, 0x4A85, 0x0020, 0x0000, 0x0000, 0x0000, 0x0000, 0x0000, 0x0000, 0x0000, 0x2162, 0xA5AB,
  0xCF2F, 0xADCC, 0x0000, 0x0000, 0x0000, 0x0000, 0x0000, 0x0000, 0x0000, 0x0000, 0x0000, 0x0000,
  0x0000, 0x0000, 0x0000, 0x0000, 0x0000, 0x0000, 0x0000, 0x0000, 0x0000, 0x0000, 0x0000, 0x0000,
  0x0000, 0x0000, 0x0000, 0x5AAA, 0xFFBD, 0xFFBD, 0xFFBD, 0xFFBD, 0xFFBD, 0x0861, 0x0000, 0x0000,
  0x0000, 0x0000, 0x0000, 0x0000, 0x0000, 0x0000, 0x0000, 0x0000, 0x0000, 0x0000, 0x0000, 0x0000,
  0x0000, 0x20E3, 0xFFBD, 0xFFBD, 0xFFBD, 0xFFBD, 0xFFBD, 0x4A49, 0x0000, 0x0000, 0x0000, 0x0000,
  0x0000, 0x0000, 0x0000, 0x0000, 0x0000, 0x0000, 0x0000, 0xAD33, 0xFFBD, 0xFFBD, 0xFFBD, 0xFFBD,
  0xFFBD, 0x4A69, 0x0000, 0x0000, 0x0000, 0x0000, 0x0000, 0x0000, 0x0000, 0x0000, 0x0000, 0x9450,
  0xFFBD, 0xFFBD, 0xFFBD, 0xFFBD, 0xDE99, 0x0000, 0x0000, 0x0000, 0x0000, 0x0000, 0x2104, 0xFFBD,
  0xFFBD, 0xFFBD, 0xFFBD, 0xFFBD, 0x4208, 0x0000, 0x0000, 0x0000, 0x0000, 0x0000, 0x0000, 0x0000,
  0x0000, 0x0000, 0x0000, 0x0000, 0x0000, 0x0000, 0x0000, 0x0000, 0xC5F6, 0xFFBD, 0xFFBD, 0xFFBD,
  0xFFBD, 0xBDB6, 0x0000, 0x0000, 0x0000, 0x0000, 0x0000, 0x18C3, 0xFFBD, 0xFFBD, 0xFFBD, 0xFFBD,
  0xFFBD, 0x4A69, 0x0000, 0x0000, 0x0000, 0x0000, 0x0000, 0x0000, 0x0000, 0x0000, 0x0000, 0x0000,
  0x0000, 0x0000, 0x0000, 0x0000, 0x0000, 0x0000, 0x0000, 0x0000, 0x0000, 0x0000, 0x0000, 0x0000,
  0x0000, 0x0000, 0x0000, 0x952A, 0x2162, 0x0000, 0x0000, 0x0000, 0x0000, 0x0000, 0x0000, 0x0000,
  0x31A3, 0x8CCA, 0xCF0E, 0xCF2F, 0xCF2F, 0xCF2F, 0xCF2F, 0xCF2F, 0xCF2F, 0x5B26, 0x0000, 0x0000,
  0x0000, 0x2983, 0xCF2F, 0xCF2F, 0xCF2F, 0xCF2F, 0x18E2, 0x0000, 0x0000, 0x0000, 0x6BA7, 0xCF2F,
  0xCF2F, 0xCF2F, 0xADEC, 0x0000, 0x0000, 0x0000, 0x0000, 0xADCC, 0xCF2F, 0xCF2F, 0xCF2F, 0xCF2F,
  0xCF2F, 0xCF2F, 0xBE8D, 0x6B87, 0x10A1, 0x0000, 0x0000, 0x0000, 0x0000, 0x0000, 0x0000, 0x0000,
  0x5306, 0x6387, 0x0000, 0x0000, 0x0000, 0x0000, 0x0000, 0x0000, 0x0000, 0x0000, 0x0000, 0x0000,
  0x0000, 0x0000, 0x0000, 0x0000, 0x0000, 0x0000, 0x0000, 0x0000, 0x0000, 0x0000, 0x0000, 0x0000,
  0x0000, 0x0000, 0x0000, 0x5AAA, 0xFFBD, 0xFFBD, 0xFFBD, 0xFFBD, 0xFFBD, 0x0861, 0x0000, 0x0000,
  0x0000, 0x0000, 0x0000, 0x0000, 0x0000, 0x0000, 0x0000, 0x0000, 0x0000, 0x0000, 0x0000, 0x0000,
  0x0000, 0x20E3, 0xFFBD, 0xFFBD, 0xFFBD, 0xFFBD, 0xFFBD, 0x4A49, 0x0000, 0x0000, 0x0000, 0x0000,
  0x0000, 0x0000, 0x0000, 0x0000, 0x0000, 0x0000, 0x0000, 0x18E3, 0xF77C, 0xFFBD, 0xFFBD, 0xFFBD,
  0xFFBD, 0xDEBA, 0x0841, 0x0000, 0x0000, 0x0000, 0x0000, 0x0000, 0x0000, 0x0000, 0x0000, 0x9450,
  0xFFBD, 0xFFBD, 0xFFBD, 0xFFBD, 0xDE99, 0x0000, 0x0000, 0x0000, 0x0000, 0x0000, 0x2104, 0xFFBD,
  0xFFBD, 0xFFBD, 0xFFBD, 0xFFBD, 0x4208, 0x0000, 0x0000, 0x0000, 0x0000, 0x0000, 0x0000, 0x0000,
  0x0000, 0x0000, 0x0000, 0x0000, 0x0000, 0x0000, 0x0000, 0x738D, 0xFFBD, 0xFFBD, 0xFFBD, 0xFFBD,
  0xFFBD, 0x83EF, 0x0000, 0x0000, 0x0000, 0x0000, 0x0000, 0x18C3, 0xFFBD, 0xFFBD, 0xFFBD, 0xFFBD,
  0xFFBD, 0x4A69, 0x0000, 0x0000, 0x0000, 0x0000, 0x0000, 0x0000, 0x0000, 0x0000, 0x0000, 0x0000,
  0x0000, 0x0000, 0x0000, 0x0000, 0x0000, 0x0000, 0x0000, 0x0000, 0x0000, 0x0000, 0x0000, 0x0000,
  0x0000, 0x0000, 0x0000, 0x0000, 0x0000, 0x0000, 0x0000, 0x0000, 0x0000, 0x0000, 0x31C3, 0xA58B,
  0xCF2F, 0xCF2F, 0xCF2F, 0xCF2F, 0xCF2F, 0xCF2F, 0xCF2F, 0xCF2F, 0xCF2F, 0x5B26, 0x0000, 0x0000,
  0x0000, 0x2983, 0xCF2F, 0xCF2F, 0xCF2F, 0xCF2F, 0x18E2, 0x0000, 0x0000, 0x0000, 0x6BA7, 0xCF2F,
  0xCF2F, 0xCF2F, 0xADEC, 0x0000, 0x0000, 0x0000, 0x0000, 0xADCC, 0xCF2F, 0xCF2F, 0xCF2F, 0xCF2F,
  0xCF2F, 0xCF2F, 0xCF2F, 0xCF2F, 0xCEEE, 0x7C28, 0x10A1, 0x0000, 0x0000, 0x0000, 0x0000, 0x0000,
  0x0000, 0x0000, 0x0000, 0x0000, 0x0000, 0x0000, 0x0000, 0x0000, 0x0000, 0x0000, 0x0000, 0x0000,
  0x0000, 0x0000, 0x0000, 0x0000, 0x0000, 0x0000, 0x0000, 0x0000, 0x0000, 0x0000, 0x0000, 0x0000,
  0x0000, 0x0000, 0x0000, 0x5AAA, 0xFFBD, 0xFFBD, 0xFFBD, 0xFFBD, 0xFFBD, 0x0861, 0x0000, 0x0000,
  0x0000, 0x0000, 0x0000, 0x0000, 0x0000, 0x0000, 0x0000, 0x0000, 0x0000, 0x0000, 0x0000, 0x0000,
  0x0000, 0x20E3, 0xFFBD, 0xFFBD, 0xFFBD, 0xFFBD, 0xFFBD, 0x4A49, 0x0000, 0x0000, 0x0000, 0x0000,
  0x0000, 0x0000, 0x0000, 0x0000, 0x0000, 0x0000, 0x0000, 0x0000, 0x83EF, 0xFFBD, 0xFFBD, 0xFFBD,
  0xFFBD, 0xFFBD, 0x83EF, 0x0000, 0x0000, 0x0000, 0x0000, 0x0000, 0x0000, 0x0000, 0x0000, 0x9450,
  0xFFBD, 0xFFBD, 0xFFBD, 0xFFBD, 0xDE99, 0x0000, 0x0000, 0x0000, 0x0000, 0x0000, 0x2104, 0xFFBD,
  0xFFBD, 0xFFBD, 0xFFBD, 0xFFBD, 0xD699, 0xCE17, 0xCE17, 0xCE17, 0xCE17, 0xCE17, 0xCE17, 0xCE17,
  0xCE17, 0xCE17, 0xCE17, 0xCE17, 0xCE17, 0xCE17, 0xE6FA, 0xFFBD, 0xFFBD, 0xFFBD, 0xFFBD, 0xFFBD,
  0xFFBD, 0x3185, 0x0000, 0x0000, 0x0000, 0x0000, 0x0000, 0x18C3, 0xFFBD, 0xFFBD, 0xFFBD, 0xFFBD,
  0xFFBD, 0xDE99, 0xC617, 0xC617, 0xC617, 0xC617, 0xC617, 0xC617, 0xC617, 0xC617, 0xC617, 0xC617,
  0xC617, 0xC617, 0xC617, 0xC617, 0xC617, 0xC617, 0xC617, 0xC617, 0xC617, 0xC617, 0x4228, 0x0000,
  0x0000, 0x0000, 0x0000, 0x0000, 0x0000, 0x0000, 0x0000, 0x0000, 0x2142, 0x952A, 0xCF2F, 0xCF2F,
  0xCF2F, 0xCF2F, 0xCF2F, 0xCF2F, 0xCF2F, 0xCF2F, 0xCF2F, 0xA5AB, 0x6367, 0x10C1, 0x0000, 0x0000,
  0x0000, 0x2983, 0xCF2F, 0xCF2F, 0xCF2F, 0xCF2F, 0x18E2, 0x0000, 0x0000, 0x0000, 0x6BA7, 0xCF2F,
  0xCF2F, 0xCF2F, 0xADEC, 0x0000, 0x0000, 0x0000, 0x0000, 0x31C3, 0x7C49, 0xBE6D, 0xCF2F, 0xCF2F,
  0xCF2F, 0xCF2F, 0xCF2F, 0xCF2F, 0xCF2F, 0xCF2F, 0xC6CE, 0x6BA7, 0x0840, 0x0000, 0x0000, 0x0000,
  0x0000, 0x0000, 0x0000, 0x0000, 0x0000, 0x0000, 0x0000, 0x0000, 0x0000, 0x0000, 0x0000, 0x0000,
  0x0000, 0x0000, 0x0000, 0x0000, 0x0000, 0x0000, 0x0000, 0x0000, 0x0000, 0x0000, 0x0000, 0x0000,
  0x0000, 0x0000, 0x0000, 0x5AAA, 0xFFBD, 0xFFBD, 0xFFBD, 0xFFBD, 0xFFBD, 0x0861, 0x0000, 0x0000,
  0x0000, 0x0000, 0x0000, 0x0000, 0x0000, 0x0000, 0x0000, 0x0000, 0x0000, 0x0000, 0x0000, 0x0000,
  0x0000, 0x20E3, 0xFFBD, 0xFFBD, 0xFFBD, 0xFFBD, 0xFFBD, 0x4A49, 0x0000, 0x0000, 0x0000, 0x0000,
  0x0000, 0x0000, 0x0000, 0x0000, 0x0000, 0x0000, 0x0000, 0x0000, 0x0841, 0xE6DA, 0xFFBD, 0xFFBD,
  0xFFBD, 0xFFBD, 0xF77C, 0x2103, 0x0000, 0x0000, 0x0000, 0x0000, 0x0000, 0x0000, 0x0000, 0x9450,
  0xFFBD, 0xFFBD, 0xFFBD, 0xFFBD, 0xDE99, 0x0000, 0x0000, 0x0000, 0x0000, 0x0000, 0x2104, 0xFFBD,
  0xFFBD, 0xFFBD, 0xFFBD, 0xFFBD, 0xFFBD, 0xFFBD, 0xFFBD, 0xFFBD, 0xFFBD, 0xFFBD, 0xFFBD, 0xFFBD,
  0xFFBD, 0xFFBD, 0xFFBD, 0xFFBD, 0xFFBD, 0xFFBD, 0xFFBD, 0xFFBD, 0xFFBD, 0xFFBD, 0xFFBD, 0xFFBD,
  0xBD95, 0x0000, 0x0000, 0x0000, 0x0000, 0x0000, 0x0000, 0x18C3, 0xFFBD, 0xFFBD, 0xFFBD, 0xFFBD,
  0xFFBD, 0xFFBD, 0xFFBD, 0xFFBD, 0xFFBD, 0xFFBD, 0xFFBD, 0xFFBD, 0xFFBD, 0xFFBD, 0xFFBD, 0xFFBD,
  0xFFBD, 0xFFBD, 0xFFBD, 0xFFBD, 0xFFBD, 0xFFBD, 0xFFBD, 0xFFBD, 0xFFBD, 0xFFBD, 0x5AAA, 0x0000,
  0x0000, 0x0000, 0x0000, 0x0000, 0x0000, 0x0000, 0x0020, 0x6BC8, 0xCF0E, 0xCF2F, 0xCF2F, 0xCF2F,
  0xCF2F, 0xCF2F, 0xCF2F, 0xCF2F, 0xAE0C, 0x5B26, 0x10C1, 0x0000, 0x0000, 0x0000, 0x0000, 0x0000,
  0x0000, 0x2983, 0xCF2F, 0xCF2F, 0xCF2F, 0xCF2F, 0x18E2, 0x0000, 0x0000, 0x0000, 0x6BA7, 0xCF2F,
  0xCF2F, 0xCF2F, 0xADEC, 0x0000, 0x0000, 0x0000, 0x0000, 0x0000, 0x0000, 0x0000, 0x2983, 0x7C28,
  0xC6CE, 0xCF2F, 0xCF2F, 0xCF2F, 0xCF2F, 0xCF2F, 0xCF2F, 0xCF2F, 0xB64D, 0x3A04, 0x0000, 0x0000,
  0x0000, 0x0000, 0x0000, 0x0000, 0x0000, 0x0000, 0x0000, 0x0000, 0x0000, 0x0000, 0x0000, 0x0000,
  0x0000, 0x0000, 0x0000, 0x0000, 0x0000, 0x0000, 0x0000, 0x0000, 0x0000, 0x0000, 0x0000, 0x0000,
  0x0000, 0x0000, 0x0000, 0x5AAA, 0xFFBD, 0xFFBD, 0xFFBD, 0xFFBD, 0xFFBD, 0x0861, 0x0000, 0x0000,
  0x0000, 0x0000, 0x0000, 0x0000, 0x0000, 0x0000, 0x0000, 0x0000, 0x0000, 0x0000, 0x0000, 0x0000,
  0x0000, 0x20E3, 0xFFBD, 0xFFBD, 0xFFBD, 0xFFBD, 0xFFBD, 0x4A49, 0x0000, 0x0000, 0x0000, 0x0000,
  0x0000, 0x0000, 0x0000, 0x0000, 0x0000, 0x0000, 0x0000, 0x0000, 0x0000, 0x5ACA, 0xFFBD, 0xFFBD,
  0xFFBD, 0xFFBD, 0xFFBD, 0xB574, 0x0000, 0x0000, 0x0000, 0x0000, 0x0000, 0x0000, 0x0000, 0x9450,
  0xFFBD, 0xFFBD, 0xFFBD, 0xFFBD, 0xDE99, 0x0000, 0x0000, 0x0000, 0x0000, 0x0000, 0x2104, 0xFFBD,
  0xFFBD, 0xFFBD, 0xFFBD, 0xFFBD, 0xFFBD, 0xFFBD, 0xFFBD, 0xFFBD, 0xFFBD, 0xFFBD, 0xFFBD, 0xFFBD,
  0xFFBD, 0xFFBD, 0xFFBD, 0xFFBD, 0xFFBD, 0xFFBD, 0xFFBD, 0xFFBD, 0xFFBD, 0xFFBD, 0xFFBD, 0xEF3B,
  0x18E3, 0x0000, 0x0000, 0x0000, 0x0000, 0x0000, 0x0000, 0x18C3, 0xFFBD, 0xFFBD, 0xFFBD, 0xFFBD,
  0xFFBD, 0xFFBD, 0xFFBD, 0xFFBD, 0xFFBD, 0xFFBD, 0xFFBD, 0xFFBD, 0xFFBD, 0xFFBD, 0xFFBD, 0xFFBD,
  0xFFBD, 0xFFBD, 0xFFBD, 0xFFBD, 0xFFBD, 0xFFBD, 0xFFBD, 0xFFBD, 0xFFBD, 0xFFBD, 0x5AAA, 0x0000,
  0x0000, 0x0000, 0x0000, 0x0000, 0x0000, 0x31A3, 0xB60C, 0xCF2F, 0xCF2F, 0xCF2F, 0xCF2F, 0xCF2F,
  0xCF2F, 0xCF0E, 0x8CEA, 0x31E4, 0x0000, 0x0000, 0x0000, 0x0000, 0x0000, 0x0000, 0x0000, 0x0000,
  0x0000, 0x2983, 0xCF2F, 0xCF2F, 0xCF2F, 0xCF2F, 0x18E2, 0x0000, 0x0000, 0x0000, 0x6BA7, 0xCF2F,
  0xCF2F, 0xCF2F, 0xADEC, 0x0000, 0x0000, 0x0000, 0x0000, 0x0000, 0x0000, 0x0000, 0x0000, 0x0000,
  0x0860, 0x5B06, 0xAE0C, 0xCF2F, 0xCF2F, 0xCF2F, 0xCF2F, 0xCF2F, 0xCF2F, 0xCF2F, 0x8489, 0x1081,
  0x0000, 0x0000, 0x0000, 0x0000, 0x0000, 0x0000, 0x0000, 0x0000, 0x0000, 0x0000, 0x0000, 0x0000,
  0x0000, 0x0000, 0x0000, 0x0000, 0x0000, 0x0000, 0x0000, 0x0000, 0x0000, 0x0000, 0x0000, 0x0000,
  0x0000, 0x0000, 0x0000, 0x5AAA, 0xFFBD, 0xFFBD, 0xFFBD, 0xFFBD, 0xFFBD, 0x0861, 0x0000, 0x0000,
  0x0000, 0x0000, 0x0000, 0x0000, 0x0000, 0x0000, 0x0000, 0x0000, 0x0000, 0x0000, 0x0000, 0x0000,
  0x0000, 0x20E3, 0xFFBD, 0xFFBD, 0xFFBD, 0xFFBD, 0xFFBD, 0x4A49, 0x0000, 0x0000, 0x0000, 0x0000,
  0x0000, 0x0000, 0x0000, 0x0000, 0x0000, 0x0000, 0x0000, 0x0000, 0x0000, 0x0000, 0xC617, 0xFFBD,
  0xFFBD, 0xFFBD, 0xFFBD, 0xFFBD, 0x4A48, 0x0000, 0x0000, 0x0000, 0x0000, 0x0000, 0x0000, 0x9450,
  0xFFBD, 0xFFBD, 0xFFBD, 0xFFBD, 0xDE99, 0x0000, 0x0000, 0x0000, 0x0000, 0x0000, 0x2104, 0xFFBD,
  0xFFBD, 0xFFBD, 0xFFBD, 0xFFBD, 0xFFBD, 0xFFBD, 0xFFBD, 0xFFBD, 0xFFBD, 0xFFBD, 0xFFBD, 0xFFBD,
  0xFFBD, 0xFFBD, 0xFFBD, 0xFFBD, 0xFFBD, 0xFFBD, 0xFFBD, 0xFFBD, 0xFFBD, 0xFFBD, 0xE6FA, 0x3185,
  0x0000, 0x0000, 0x0000, 0x0000, 0x0000, 0x0000, 0x0000, 0x18C3, 0xFFBD, 0xFFBD, 0xFFBD, 0xFFBD,
  0xFFBD, 0xFFBD, 0xFFBD, 0xFFBD, 0xFFBD, 0xFFBD, 0xFFBD, 0xFFBD, 0xFFBD, 0xFFBD, 0xFFBD, 0xFFBD,
  0xFFBD, 0xFFBD, 0xFFBD, 0xFFBD, 0xFFBD, 0xFFBD, 0xFFBD, 0xFFBD, 0xFFBD, 0xFFBD, 0x5AAA, 0x0000,
  0x0000, 0x0000, 0x0000, 0x0000, 0x0840, 0xC6CE, 0xCF2F, 0xCF2F, 0xCF2F, 0xCF2F, 0xCF2F, 0xCF2F,
  0x8CEA, 0x2122, 0x0000, 0x0000, 0x0000, 0x0000, 0x0000, 0x0000, 0x0000, 0x0000, 0x0000, 0x0000,
  0x0000, 0x2983, 0xCF2F, 0xCF2F, 0xCF2F, 0xCF2F, 0xA58B, 0x9D8B, 0xA58B, 0x9D6B, 0xB64D, 0xCF2F,
  0xCF2F, 0xCF2F, 0xADEC, 0x0000, 0x0000, 0x0000, 0x0000, 0x0000, 0x0000, 0x0000, 0x0000, 0x0000,
  0x0000, 0x0000, 0x0000, 0x4A65, 0xB62C, 0xCF2F, 0xCF2F, 0xCF2F, 0xCF2F, 0xCF2F, 0xCF2F, 0x8469,
  0x0000, 0x0000, 0x0000, 0x0000, 0x0000, 0x0000, 0x0000, 0x0000, 0x0000, 0x0000, 0x0000, 0x0000,
  0x0000, 0x0000, 0x0000, 0x0000, 0x0000, 0x0000, 0x0000, 0x0000, 0x0000, 0x0000, 0x0000, 0x0000,
  0x0000, 0x0000, 0x0000, 0x5AAA, 0xFFBD, 0xFFBD, 0xFFBD, 0xFFBD, 0xFFBD, 0x0861, 0x0000, 0x0000,
  0x0000, 0x0000, 0x0000, 0x0000, 0x0000, 0x0000, 0x0000, 0x0000, 0x0000, 0x0000, 0x0000, 0x0000,
  0x0000, 0x20E3, 0xFFBD, 0xFFBD, 0xFFBD, 0xFFBD, 0xFFBD, 0x4A49, 0x0000, 0x0000, 0x0000, 0x0000,
  0x0000, 0x0000, 0x0000, 0x0000, 0x0000, 0x0000, 0x0000, 0x0000, 0x0000, 0x0000, 0x31A6, 0xFFBD,
  0xFFBD, 0xFFBD, 0xFFBD, 0xFFBD, 0xDEB9, 0x0020, 0x0000, 0x0000, 0x0000, 0x0000, 0x0000, 0x9450,
  0xFFBD, 0xFFBD, 0xFFBD, 0xFFBD, 0xDE99, 0x0000, 0x0000, 0x0000, 0x0000, 0x0000, 0x2104, 0xFFBD,
  0xFFBD, 0xFFBD, 0xFFBD, 0xFFBD, 0xFFBD, 0xFFBD, 0xFFBD, 0xFFBD, 0xFFBD, 0xFFBD, 0xFFBD, 0xFFBD,
  0xFFBD, 0xFFBD, 0xFFBD, 0xFFBD, 0xFFBD, 0xFFBD, 0xFFBD, 0xFFBD, 0xEF3B, 0x8C30, 0x1082, 0x0000,
  0x0000, 0x0000, 0x0000, 0x0000, 0x0000, 0x0000, 0x0000, 0x18C3, 0xFFBD, 0xFFBD, 0xFFBD, 0xFFBD,
  0xFFBD, 0xFFBD, 0xFFBD, 0xFFBD, 0xFFBD, 0xFFBD, 0xFFBD, 0xFFBD, 0xFFBD, 0xFFBD, 0xFFBD, 0xFFBD,
  0xFFBD, 0xFFBD, 0xFFBD, 0xFFBD, 0xFFBD, 0xFFBD, 0xFFBD, 0xFFBD, 0xFFBD, 0xFFBD, 0x5AAA, 0x0000,
  0x0000, 0x0000, 0x0000, 0x0000, 0x0000, 0x6BC7, 0xCF2F, 0xCF2F, 0xCF2F, 0xCF2F, 0x9D6B, 0x2983,
  0x0000, 0x0000, 0x0000, 0x0000, 0x0000, 0x0000, 0x0000, 0x0000, 0x0000, 0x0881, 0x0000, 0x0000,
  0x0000, 0x2983, 0xCF2F, 0xCF2F, 0xCF2F, 0xCF2F, 0xCF2F, 0xCF2F, 0xCF2F, 0xCF2F, 0xCF2F, 0xCF2F,
  0xCF2F, 0xCF2F, 0xADEC, 0x0000, 0x0000, 0x0000, 0x0000, 0x10A1, 0x0000, 0x0000, 0x0000, 0x0000,
  0x0000, 0x0000, 0x0000, 0x0000, 0x0020, 0x52E6, 0xBE8D, 0xCF2F, 0xCF2F, 0xCF2F, 0xCF0E, 0x2122,
  0x0000, 0x0000, 0x0000, 0x0000, 0x0000, 0x0000, 0x0000, 0x0000, 0x0000, 0x0000, 0x0000, 0x0000,
  0x0000, 0x0000, 0x0000, 0x0000, 0x0000, 0x0000, 0x0000, 0x0000, 0x0000, 0x0000, 0x0000, 0x0000,
  0x0000, 0x0000, 0x0000, 0x2104, 0x630B, 0x630B, 0x630B, 0x630B, 0x630B, 0x0020, 0x0000, 0x0000,
  0x0000, 0x0000, 0x0000, 0x0000, 0x0000, 0x0000, 0x0000, 0x0000, 0x0000, 0x0000, 0x0000, 0x0000,
  0x0000, 0x0861, 0x630B, 0x630B, 0x630B, 0x630B, 0x630B, 0x18E3, 0x0000, 0x0000, 0x0000, 0x0000,
  0x0000, 0x0000, 0x0000, 0x0000, 0x0000, 0x0000, 0x0000, 0x0000, 0x0000, 0x0000, 0x0000, 0x5269,
  0x630B, 0x630B, 0x630B, 0x630B, 0x630B, 0x18E3, 0x0000, 0x0000, 0x0000, 0x0000, 0x0000, 0x39A6,
  0x630B, 0x630B, 0x630B, 0x630B, 0x528A, 0x0000, 0x0000, 0x0000, 0x0000, 0x0000, 0x0861, 0x62EB,
  0x62EB, 0x62EB, 0x62EB, 0x62EB, 0x62EB, 0x62EB, 0x62EB, 0x62EB, 0x62EB, 0x62EB, 0x62EB, 0x62EB,
  0x62EB, 0x62EB, 0x62EB, 0x62EB, 0x62EB, 0x62EB, 0x5269, 0x3186, 0x0000, 0x0000, 0x0000, 0x0000,
  0x0000, 0x0000, 0x0000, 0x0000, 0x0000, 0x0000, 0x0000, 0x0841, 0x630B, 0x630B, 0x630B, 0x630B,
  0x630B, 0x630B, 0x630B, 0x630B, 0x630B, 0x630B, 0x630B, 0x630B, 0x630B, 0x630B, 0x630B, 0x630B,
  0x630B, 0x630B, 0x630B, 0x630B, 0x630B, 0x630B, 0x630B, 0x630B, 0x630B, 0x630B, 0x2104, 0x0000,
  0x0000, 0x0000, 0x0000, 0x0000, 0x0000, 0x0860, 0xBE8D, 0xCF2F, 0xC6AE, 0x4AC5, 0x0000, 0x0000,
  0x0000, 0x0000, 0x0000, 0x0000, 0x0000, 0x0000, 0x31A3, 0x7C28, 0xBE8D, 0x5B26, 0x0000, 0x0000,
  0x0000, 0x2983, 0xCF2F, 0xCF2F, 0xCF2F, 0xCF2F, 0xCF2F, 0xCF2F, 0xCF2F, 0xCF2F, 0xCF2F, 0xCF2F,
  0xCF2F, 0xCF2F, 0xADEC, 0x0000, 0x0000, 0x0000, 0x0000, 0xADCC, 0xADEC, 0x6367, 0x10C1, 0x0000,
  0x0000, 0x0000, 0x0000, 0x0000, 0x0000, 0x0000, 0x0881, 0x8489, 0xCF2F, 0xCF2F, 0x7C49, 0x0000,
  0x0000, 0x0000, 0x0000, 0x0000, 0x0000, 0x0000, 0x0000, 0x0000, 0x0000, 0x0000, 0x0000, 0x0000,
  0x0000, 0x0000, 0x0000, 0x0000, 0x0000, 0x0000, 0x0000, 0x0000, 0x0000, 0x0000, 0x0000, 0x0000,
  0x0000, 0x0000, 0x0000, 0x0000, 0x0000, 0x0000, 0x0000, 0x0000, 0x0000, 0x0000, 0x0000, 0x0000,
  0x0000, 0x0000, 0x0000, 0x0000, 0x0000, 0x0000, 0x0000, 0x0000, 0x0000, 0x0000, 0x0000, 0x0000,
  0x0000, 0x0000, 0x0000, 0x0000, 0x0000, 0x0000, 0x0000, 0x0000, 0x0000, 0x0000, 0x0000, 0x0000,
  0x0000, 0x0000, 0x0000, 0x0000, 0x0000, 0x0000, 0x0000, 0x0000, 0x0000, 0x0000, 0x0000, 0x0000,
  0x0000, 0x0000, 0x0000, 0x0000, 0x0000, 0x0000, 0x0000, 0x0000, 0x0000, 0x0000, 0x0000, 0x0000,
  0x0000, 0x0000, 0x0000, 0x0000, 0x0000, 0x0000, 0x0000, 0x0000, 0x0000, 0x0000, 0x0000, 0x0000,
  0x0000, 0x0000, 0x0000, 0x0000, 0x0000, 0x0000, 0x0000, 0x0000, 0x0000, 0x0000, 0x0000, 0x0000,
  0x0000, 0x0000, 0x0000, 0x0000, 0x0000, 0x0000, 0x0000, 0x0000, 0x0000, 0x0000, 0x0000, 0x0000,
  0x0000, 0x0000, 0x0000, 0x0000, 0x0000, 0x0000, 0x0000, 0x0000, 0x0000, 0x0000, 0x0000, 0x0000,
  0x0000, 0x0000, 0x0000, 0x0000, 0x0000, 0x0000, 0x0000, 0x0000, 0x0000, 0x0000, 0x0000, 0x0000,
  0x0000, 0x0000, 0x0000, 0x0000, 0x0000, 0x0000, 0x0000, 0x0000, 0x0000, 0x0000, 0x0000, 0x0000,
  0x0000, 0x0000, 0x0000, 0x0000, 0x0000, 0x0000, 0x4AA5, 0x950A, 0x10C1, 0x0000, 0x0000, 0x0000,
  0x0000, 0x0000, 0x0000, 0x0020, 0x4AC5, 0xADCC, 0xCF2F, 0xCF2F, 0xCF2F, 0x5B26, 0x0000, 0x0000,
  0x0000, 0x2983, 0xCF2F, 0xCF2F, 0xCF2F, 0xCF2F, 0xCF2F, 0xCF2F, 0xCF2F, 0xCF2F, 0xCF2F, 0xCF2F,
  0xCF2F, 0xCF2F, 0xADEC, 0x0000, 0x0000, 0x0000, 0x0000, 0xADCC, 0xCF2F, 0xCF2F, 0xCF0E, 0x8CEA,
  0x31A3, 0x0000, 0x0000, 0x0000, 0x0000, 0x0000, 0x0000, 0x0000, 0x3A04, 0xADCC, 0x0881, 0x0000,
  0x0000, 0x0000, 0x0000, 0x0000, 0x0000, 0x0000, 0x0000, 0x0000, 0x0000, 0x0000, 0x0000, 0x0000,
  0x0000, 0x0000, 0x0000, 0x0000, 0x0000, 0x0000, 0x0000, 0x0000, 0x0000, 0x0000, 0x0000, 0x0000,
  0x0000, 0x0000, 0x0000, 0x0000, 0x0000, 0x0000, 0x0000, 0x0000, 0x0000, 0x0000, 0x0000, 0x0000,
  0x0000, 0x0000, 0x0000, 0x0000, 0x0000, 0x0000, 0x0000, 0x0000, 0x0000, 0x0000, 0x0000, 0x0000,
  0x0000, 0x0000, 0x0000, 0x0000, 0x0000, 0x0000, 0x0000, 0x0000, 0x0000, 0x0000, 0x0000, 0x0000,
  0x0000, 0x0000, 0x0000, 0x0000, 0x0000, 0x0000, 0x0000, 0x0000, 0x0000, 0x0000, 0x0000, 0x0000,
  0x0000, 0x0000, 0x0000, 0x0000, 0x0000, 0x0000, 0x0000, 0x0000, 0x0000, 0x0000, 0x0000, 0x0000,
  0x0000, 0x0000, 0x0000, 0x0000, 0x0000, 0x0000, 0x0000, 0x0000, 0x0000, 0x0000, 0x0000, 0x0000,
  0x0000, 0x0000, 0x0000, 0x0000, 0x0000, 0x0000, 0x0000, 0x0000, 0x0000, 0x0000, 0x0000, 0x0000,
  0x0000, 0x0000, 0x0000, 0x0000, 0x0000, 0x0000, 0x0000, 0x0000, 0x0000, 0x0000, 0x0000, 0x0000,
  0x0000, 0x0000, 0x0000, 0x0000, 0x0000, 0x0000, 0x0000, 0x0000, 0x0000, 0x0000, 0x0000, 0x0000,
  0x0000, 0x0000, 0x0000, 0x0000, 0x0000, 0x0000, 0x0000, 0x0000, 0x0000, 0x0000, 0x0000, 0x0000,
  0x0000, 0x0000, 0x0000, 0x0000, 0x0000, 0x0000, 0x0000, 0x0000, 0x0000, 0x0000, 0x0000, 0x0000,
  0x0000, 0x0000, 0x0000, 0x0000, 0x0000, 0x0000, 0x0000, 0x0000, 0x0000, 0x0000, 0x0000, 0x0000,
  0x0000, 0x0020, 0x5306, 0xBE8D, 0xCF2F, 0xCF2F, 0xCF2F, 0xCF2F, 0xCF2F, 0x5B26, 0x0000, 0x0000,
  0x0000, 0x2983, 0xCF2F, 0xC6CE, 0xADEC, 0x9D4B, 0x8CCA, 0x8489, 0x8469, 0x84A9, 0x8CEA, 0x9D8B,
  0xB62D, 0xCF0E, 0xADEC, 0x0000, 0x0000, 0x0000, 0x0000, 0xADCC, 0xCF2F, 0xCF2F, 0xCF2F, 0xCF2F,
  0xCF2F, 0xA58B, 0x31C3, 0x0000, 0x0000, 0x0000, 0x0000, 0x0000, 0x0000, 0x0000, 0x0000, 0x0000,
  0x0000, 0x0000, 0x0000, 0x0000, 0x0000, 0x0000, 0x0000, 0x0000, 0x0000, 0x0000, 0x0000, 0x0000,
  0x0000, 0x0000, 0x0000, 0x0000, 0x0000, 0x0000, 0x0000, 0x0000, 0x0000, 0x0000, 0x0000, 0x0000,
  0x0000, 0x0000, 0x0000, 0x0000, 0x0000, 0x0000, 0x0000, 0x0000, 0x0000, 0x0000, 0x0000, 0x0000,
  0x0000, 0x0000, 0x0000, 0x0000, 0x0000, 0x0000, 0x0000, 0x0000, 0x0000, 0x0000, 0x0000, 0x0000,
  0x0000, 0x0000, 0x0000, 0x0000, 0x0000, 0x0000, 0x0000, 0x0000, 0x0000, 0x0000, 0x0000, 0x0000,
  0x0000, 0x0000, 0x0000, 0x0000, 0x0000, 0x0000, 0x0000, 0x0000, 0x0000, 0x0000, 0x0000, 0x0000,
  0x0000, 0x0000, 0x0000, 0x0000, 0x0000, 0x0000, 0x0000, 0x0000, 0x0000, 0x0000, 0x0000, 0x0000,
  0x0000, 0x0000, 0x0000, 0x0000, 0x0000, 0x0000, 0x0000, 0x0000, 0x0000, 0x0000, 0x0000, 0x0000,
  0x0000, 0x0000, 0x0000, 0x0000, 0x0000, 0x0000, 0x0000, 0x0000, 0x0000, 0x0000, 0x0000, 0x0000,
  0x0000, 0x0000, 0x0000, 0x0000, 0x0000, 0x0000, 0x0000, 0x0000, 0x0000, 0x0000, 0x0000, 0x0000,
  0x0000, 0x0000, 0x0000, 0x0000, 0x0000, 0x0000, 0x0000, 0x0000, 0x0000, 0x0000, 0x0000, 0x0000,
  0x0000, 0x0000, 0x0000, 0x0000, 0x0000, 0x0000, 0x0000, 0x0000, 0x0000, 0x0000, 0x0000, 0x0000,
  0x0000, 0x0000, 0x0000, 0x0000, 0x0000, 0x0000, 0x0000, 0x0000, 0x0000, 0x0000, 0x0000, 0x0000,
  0x0000, 0x0000, 0x0000, 0x0000, 0x0000, 0x0000, 0x0000, 0x0000, 0x0000, 0x0000, 0x0000, 0x0000,
  0x4244, 0xB62C, 0xCF2F, 0xCF2F, 0xCF2F, 0xCF2F, 0xCF2F, 0xCF2F, 0xCF2F, 0x5B26, 0x0000, 0x0000,
  0x0000, 0x0840, 0x10C1, 0x0000, 0x0000, 0x0000, 0x0000, 0x0000, 0x0000, 0x0000, 0x0000, 0x0000,
  0x0000, 0x0020, 0x18E1, 0x0000, 0x0000, 0x0000, 0x0000, 0xADCC, 0xCF2F, 0xCF2F, 0xCF2F, 0xCF2F,
  0xCF2F, 0xCF2F, 0xCF2F, 0x950A, 0x1902, 0x0000, 0x0000, 0x0000, 0x0000, 0x0000, 0x0000, 0x0000,
  0x0000, 0x0000, 0x0000, 0x0000, 0x0000, 0x0000, 0x0000, 0x0000, 0x0000, 0x0000, 0x0000, 0x0000,
  0x0000, 0x0000, 0x0000, 0x0000, 0x0000, 0x0000, 0x0000, 0x0000, 0x0000, 0x0000, 0x0000, 0x0000,
  0x0000, 0x0000, 0x0000, 0x0000, 0x0000, 0x0000, 0x0000, 0x0000, 0x0000, 0x0000, 0x0000, 0x0000,
  0x0000, 0x0000, 0x0000, 0x0000, 0x0000, 0x0000, 0x0000, 0x0000, 0x0000, 0x0000, 0x0000, 0x0000,
  0x0000, 0x0000, 0x0000, 0x0000, 0x0000, 0x0000, 0x0000, 0x0000, 0x0000, 0x0000, 0x0000, 0x0000,
  0x0000, 0x0000, 0x0000, 0x0000, 0x0000, 0x0000, 0x0000, 0x0000, 0x0000, 0x0000, 0x0000, 0x0000,
  0x0000, 0x0000, 0x0000, 0x0000, 0x0000, 0x0000, 0x0000, 0x0000, 0x0000, 0x0000, 0x0000, 0x0000,
  0x0000, 0x0000, 0x0000, 0x0000, 0x0000, 0x0000, 0x0000, 0x0000, 0x0000, 0x0000, 0x0000, 0x0000,
  0x0000, 0x0000, 0x0000, 0x0000, 0x0000, 0x0000, 0x0000, 0x0000, 0x0000, 0x0000, 0x0000, 0x0000,
  0x0000, 0x0000, 0x0000, 0x0000, 0x0000, 0x0000, 0x0000, 0x0000, 0x0000, 0x0000, 0x0000, 0x0000,
  0x0000, 0x0000, 0x0000, 0x0000, 0x0000, 0x0000, 0x0000, 0x0000, 0x0000, 0x0000, 0x0000, 0x0000,
  0x0000, 0x0000, 0x0000, 0x0000, 0x0000, 0x0000, 0x0000, 0x0000, 0x0000, 0x0000, 0x0000, 0x0000,
  0x0000, 0x0000, 0x0000, 0x0000, 0x0000, 0x0000, 0x0000, 0x0000, 0x0000, 0x0000, 0x0000, 0x0000,
  0x0000, 0x0000, 0x0000, 0x0000, 0x0000, 0x0000, 0x0000, 0x0000, 0x0000, 0x0000, 0x10A1, 0x8CEA,
  0xCF2F, 0xCF2F, 0xCF2F, 0xCF2F, 0xCF2F, 0xCF2F, 0xCF2F, 0xCF0E, 0x952A, 0x2962, 0x0000, 0x0000,
  0x0000, 0x0000, 0x0000, 0x0000, 0x0000, 0x0000, 0x0000, 0x0000, 0x0000, 0x0000, 0x0000, 0x0000,
  0x0000, 0x0000, 0x0000, 0x0000, 0x0000, 0x0000, 0x0000, 0x5306, 0xB60C, 0xCF2F, 0xCF2F, 0xCF2F,
  0xCF2F, 0xCF2F, 0xCF2F, 0xCF2F, 0xCEEE, 0x6367, 0x0000, 0x0000, 0x0000, 0x0000, 0x0000, 0x0000,
  0x0000, 0x0000, 0x0000, 0x0000, 0x0000, 0x0000, 0x0000, 0x0000, 0x0000, 0x0000, 0x0000, 0x0000,
  0x0000, 0x0000, 0x0000, 0x0000, 0x0000, 0x0000, 0x0000, 0x0000, 0x0000, 0x0000, 0x0000, 0x0000,
  0x0000, 0x0000, 0x0000, 0x0000, 0x0000, 0x0000, 0x0000, 0x0000, 0x0000, 0x0000, 0x0000, 0x0000,
  0x0000, 0x0000, 0x0000, 0x0000, 0x0000, 0x0000, 0x0000, 0x0000, 0x0000, 0x0000, 0x0000, 0x0000,
  0x0000, 0x0000, 0x0000, 0x0000, 0x0000, 0x0000, 0x0000, 0x0000, 0x0000, 0x0000, 0x0000, 0x0000,
  0x0000, 0x0000, 0x0000, 0x0000, 0x0000, 0x0000, 0x0000, 0x0000, 0x0000, 0x0000, 0x0000, 0x0000,
  0x0000, 0x0000, 0x0000, 0x0000, 0x0000, 0x0000, 0x0000, 0x0000, 0x0000, 0x0000, 0x0000, 0x0000,
  0x0000, 0x0000, 0x0000, 0x0000, 0x0000, 0x0000, 0x0000, 0x0000, 0x0000, 0x0000, 0x0000, 0x0000,
  0x0000, 0x0000, 0x0000, 0x0000, 0x0000, 0x0000, 0x0000, 0x0000, 0x0000, 0x0000, 0x0000, 0x0000,
  0x0000, 0x0000, 0x0000, 0x0000, 0x0000, 0x0000, 0x0000, 0x0000, 0x0000, 0x0000, 0x0000, 0x0000,
  0x0000, 0x0000, 0x0000, 0x0000, 0x0000, 0x0000, 0x0000, 0x0000, 0x0000, 0x0000, 0x0000, 0x0000,
  0x0000, 0x0000, 0x0000, 0x0000, 0x0000, 0x0000, 0x0000, 0x0000, 0x0000, 0x0000, 0x0000, 0x0000,
  0x0000, 0x0000, 0x0000, 0x0000, 0x0000, 0x0000, 0x0000, 0x0000, 0x0000, 0x0000, 0x0000, 0x0000,
  0x0000, 0x0000, 0x0000, 0x0000, 0x0000, 0x0000, 0x0000, 0x0000, 0x0000, 0x18C1, 0xC6AD, 0xCF2F,
  0xCF2F, 0xCF2F, 0xCF2F, 0xCF2F, 0xCF2F, 0xC6AD, 0x6BA7, 0x10A1, 0x0000, 0x0000, 0x0000, 0x0000,
  0x0000, 0x0000, 0x0000, 0x0000, 0x0000, 0x0000, 0x0000, 0x0000, 0x0000, 0x0000, 0x0000, 0x0000,
  0x0000, 0x0000, 0x0000, 0x0000, 0x0000, 0x0000, 0x0000, 0x0000, 0x0000, 0x31A3, 0x8CEA, 0xCF0E,
  0xCF2F, 0xCF2F, 0xCF2F, 0xCF2F, 0xCF2F, 0xCF2F, 0x8CEA, 0x0000, 0x0000, 0x0000, 0x0000, 0x0000,
  0x0000, 0x0000, 0x0000, 0x0000, 0x0000, 0x0000, 0x0000, 0x0000, 0x0000, 0x0000, 0x0000, 0x0000,
  0x0000, 0x0000, 0x0000, 0x0000, 0x0000, 0x0000, 0x0000, 0x0000, 0x0000, 0x0000, 0x0000, 0x0000,
  0x0000, 0x0000, 0x0000, 0x0000, 0x0000, 0x0000, 0x0000, 0x0000, 0x0000, 0x0000, 0x0000, 0x0000,
  0x0000, 0x0000, 0x0000, 0x0000, 0x0000, 0x0000, 0x0000, 0x0000, 0x0000, 0x0000, 0x0000, 0x0000,
  0x0000, 0x0000, 0x0000, 0x0000, 0x0000, 0x0000, 0x0000, 0x0000, 0x0000, 0x0000, 0x0000, 0x0000,
  0x0000, 0x0000, 0x0000, 0x0000, 0x0000, 0x0000, 0x0000, 0x0000, 0x0000, 0x0000, 0x0000, 0x0000,
  0x0000, 0x0000, 0x0000, 0x0000, 0x0000, 0x0000, 0x0000, 0x0000, 0x0000, 0x0000, 0x0000, 0x0000,
  0x0000, 0x0000, 0x0000, 0x0000, 0x0000, 0x0000, 0x0000, 0x0000, 0x0000, 0x0000, 0x0000, 0x0000,
  0x0000, 0x0000, 0x0000, 0x0000, 0x0000, 0x0000, 0x0000, 0x0000, 0x0000, 0x0000, 0x0000, 0x0000,
  0x0000, 0x0000, 0x0000, 0x0000, 0x0000, 0x0000, 0x0000, 0x0000, 0x0000, 0x0000, 0x0000, 0x0000,
  0x0000, 0x0000, 0x0000, 0x0000, 0x0000, 0x0000, 0x0000, 0x0000, 0x0000, 0x0000, 0x0000, 0x0000,
  0x0000, 0x0000, 0x0000, 0x0000, 0x0000, 0x0000, 0x0000, 0x0000, 0x0000, 0x0000, 0x0000, 0x0000,
  0x0000, 0x0000, 0x0000, 0x0000, 0x0000, 0x0000, 0x0000, 0x0000, 0x0000, 0x0000, 0x0000, 0x0000,
  0x0000, 0x0000, 0x0000, 0x0000, 0x0000, 0x0000, 0x0000, 0x0000, 0x0000, 0x0000, 0x6347, 0xCF2F,
  0xCF2F, 0xCF2F, 0xCF2F, 0xC6AE, 0x6347, 0x0840, 0x0000, 0x0000, 0x0000, 0x0000, 0x0000, 0x0000,
  0x0000, 0x0000, 0x0000, 0x0000, 0x0000, 0x0000, 0x0000, 0x0000, 0x0000, 0x0000, 0x0000, 0x0000,
  0x0000, 0x0000, 0x0000, 0x0000, 0x0000, 0x0000, 0x0000, 0x0000, 0x0000, 0x0000, 0x0000, 0x1902,
  0x8CCA, 0xCF2F, 0xCF2F, 0xCF2F, 0xCF2F, 0xBE8D, 0x2122, 0x0000, 0x0000, 0x0000, 0x0000, 0x0000,
  0x0000, 0x0000, 0x0000, 0x0000, 0x0000, 0x0000, 0x0000, 0x0000, 0x0000, 0x0000, 0x0000, 0x0000,
  0x0000, 0x0000, 0x0000, 0x0000, 0x0000, 0x0000, 0x0000, 0x0000, 0x0000, 0x0000, 0x0000, 0x0000,
  0x0000, 0x0000, 0x0000, 0x0000, 0x0000, 0x0000, 0x0000, 0x0000, 0x0000, 0x0000, 0x0000, 0x0000,
  0x0000, 0x0000, 0x0000, 0x0000, 0x0000, 0x0000, 0x0000, 0x0000, 0x0000, 0x0000, 0x0000, 0x0000,
  0x0000, 0x0000, 0x0000, 0x0000, 0x0000, 0x0000, 0x0000, 0x0000, 0x0000, 0x0000, 0x0000, 0x0000,
  0x0000, 0x0000, 0x0000, 0x0000, 0x0000, 0x0000, 0x0000, 0x0000, 0x0000, 0x0000, 0x0000, 0x0000,
  0x0000, 0x0000, 0x0000, 0x0000, 0x0000, 0x0000, 0x0000, 0x0000, 0x0000, 0x0000, 0x0000, 0x0000,
  0x0000, 0x0000, 0x0000, 0x0000, 0x0000, 0x0000, 0x0000, 0x0000, 0x0000, 0x0000, 0x0000, 0x0000,
  0x0000, 0x0000, 0x0000, 0x0000, 0x0000, 0x0000, 0x0000, 0x0000, 0x0000, 0x0000, 0x0000, 0x0000,
  0x0000, 0x0000, 0x0000, 0x0000, 0x0000, 0x0000, 0x0000, 0x0000, 0x0000, 0x0000, 0x0000, 0x0000,
  0x0000, 0x0000, 0x0000, 0x0000, 0x0000, 0x0000, 0x0000, 0x0000, 0x0000, 0x0000, 0x0000, 0x0000,
  0x0000, 0x0000, 0x0000, 0x0000, 0x0000, 0x0000, 0x0000, 0x0000, 0x0000, 0x0000, 0x0000, 0x0000,
  0x0000, 0x0000, 0x0000, 0x0000, 0x0000, 0x0000, 0x0000, 0x0000, 0x0000, 0x0000, 0x0000, 0x0000,
  0x0000, 0x0000, 0x0000, 0x0000, 0x0000, 0x0000, 0x0000, 0x0000, 0x0000, 0x0000, 0x0000, 0x6347,
  0xCF2F, 0xCF2E, 0x7C28, 0x0881, 0x0000, 0x0000, 0x0000, 0x0000, 0x0000, 0x0000, 0x0000, 0x0000,
  0x0000, 0x2962, 0x52E6, 0x7C28, 0x952A, 0xAE0C, 0xBE8D, 0xC6CE, 0xCEEE, 0xC6AE, 0xBE6D, 0xA5AC,
  0x8CEA, 0x6BA7, 0x4265, 0x10A1, 0x0000, 0x0000, 0x0000, 0x0000, 0x0000, 0x0000, 0x0000, 0x0000,
  0x0000, 0x2983, 0xA5CC, 0xCF2F, 0xBE6D, 0x2142, 0x0000, 0x0000, 0x0000, 0x0000, 0x0000, 0x0000,
  0x0000, 0x0000, 0x0000, 0x0000, 0x0000, 0x0000, 0x0000, 0x0000, 0x0000, 0x0000, 0x0000, 0x0000,
  0x0000, 0x0000, 0x0000, 0x0000, 0x0000, 0x0000, 0x0000, 0x0000, 0x0000, 0x0000, 0x0000, 0x0000,
  0x0000, 0x0000, 0x0000, 0x0000, 0x0000, 0x0000, 0x0000, 0x0000, 0x0000, 0x0000, 0x0000, 0x0000,
  0x0000, 0x0000, 0x0000, 0x0000, 0x0000, 0x0000, 0x0000, 0x0000, 0x0000, 0x0000, 0x0000, 0x0000,
  0x0000, 0x0000, 0x0000, 0x0000, 0x0000, 0x0000, 0x0000, 0x0000, 0x0000, 0x0000, 0x0000, 0x0000,
  0x0000, 0x0000, 0x0000, 0x0000, 0x0000, 0x0000, 0x0000, 0x0000, 0x0000, 0x0000, 0x0000, 0x0000,
  0x0000, 0x0000, 0x0000, 0x0000, 0x0000, 0x0000, 0x0000, 0x0000, 0x0000, 0x0000, 0x0000, 0x0000,
  0x0000, 0x0000, 0x0000, 0x0000, 0x0000, 0x0000, 0x0000, 0x0000, 0x0000, 0x0000, 0x0000, 0x0000,
  0x0000, 0x0000, 0x0000, 0x0000, 0x0000, 0x0000, 0x0000, 0x0000, 0x0000, 0x0000, 0x0000, 0x0000,
  0x0000, 0x0000, 0x0000, 0x0000, 0x0000, 0x0000, 0x0000, 0x0000, 0x0000, 0x0000, 0x0000, 0x0000,
  0x0000, 0x0000, 0x0000, 0x0000, 0x0000, 0x0000, 0x0000, 0x0000, 0x0000, 0x0000, 0x0000, 0x0000,
  0x0000, 0x0000, 0x0000, 0x0000, 0x0000, 0x0000, 0x0000, 0x0000, 0x0000, 0x0000, 0x0000, 0x0000,
  0x0000, 0x0000, 0x0000, 0x0000, 0x0000, 0x0000, 0x0000, 0x0000, 0x0000, 0x0000, 0x0000, 0x0000,
  0x0000, 0x0000, 0x0000, 0x0000, 0x0000, 0x0000, 0x0000, 0x0000, 0x0000, 0x0000, 0x0000, 0x0000,
  0x4A85, 0x29A3, 0x0000, 0x0000, 0x0000, 0x0000, 0x0000, 0x0000, 0x0000, 0x0020, 0x4244, 0x8CA9,
  0xC6AD, 0xCF2F, 0xCF2F, 0xCF2F, 0xCF2F, 0xCF2F, 0xCF2F, 0xCF2F, 0xCF2F, 0xCF2F, 0xCF2F, 0xCF2F,
  0xCF2F, 0xCF2F, 0xCF2F, 0xCF2F, 0xADEC, 0x6BC8, 0x2142, 0x0000, 0x0000, 0x0000, 0x0000, 0x0000,
  0x0000, 0x0000, 0x0000, 0x5B06, 0x18E1, 0x0000, 0x0000, 0x0000, 0x0000, 0x0000, 0x0000, 0x0000,
  0x0000, 0x0000, 0x0000, 0x0000, 0x0000, 0x0000, 0x0000, 0x0000, 0x0000, 0x0000, 0x0000, 0x0000,
  0x0000, 0x0000, 0x0000, 0x0000, 0x0000, 0x0000, 0x0000, 0x0000, 0x0000, 0x0000, 0x0000, 0x0000,
  0x0000, 0x0000, 0x0000, 0x0000, 0x0000, 0x0000, 0x0000, 0x0000, 0x0000, 0x0000, 0x0000, 0x0000,
  0x0000, 0x0000, 0x0000, 0x0000, 0x0000, 0x0000, 0x0000, 0x0000, 0x0000, 0x0000, 0x0000, 0x0000,
  0x0000, 0x0000, 0x0000, 0x0000, 0x0000, 0x0000, 0x0000, 0x0000, 0x0000, 0x0000, 0x0000, 0x0000,
  0x0000, 0x0000, 0x0000, 0x0000, 0x0000, 0x0000, 0x0000, 0x0000, 0x0000, 0x0000, 0x0000, 0x0000,
  0x0000, 0x0000, 0x0000, 0x0000, 0x0000, 0x0000, 0x0000, 0x0000, 0x0000, 0x0000, 0x0000, 0x0000,
  0x0000, 0x0000, 0x0000, 0x0000, 0x0000, 0x0000, 0x0000, 0x0000, 0x0000, 0x0000, 0x0000, 0x0000,
  0x0000, 0x0000, 0x0000, 0x0000, 0x0000, 0x0000, 0x0000, 0x0000, 0x0000, 0x0000, 0x0000, 0x0000,
  0x0000, 0x0000, 0x0000, 0x0000, 0x0000, 0x0000, 0x0000, 0x0000, 0x0000, 0x0000, 0x0000, 0x0000,
  0x0000, 0x0000, 0x0000, 0x0000, 0x0000, 0x0000, 0x0000, 0x0000, 0x0000, 0x0000, 0x0000, 0x0000,
  0x0000, 0x0000, 0x0000, 0x0000, 0x0000, 0x0000, 0x0000, 0x0000, 0x0000, 0x0000, 0x0000, 0x0000,
  0x0000, 0x0000, 0x0000, 0x0000, 0x0000, 0x0000, 0x0000, 0x0000, 0x0000, 0x0000, 0x0000, 0x0000,
  0x0000, 0x0000, 0x0000, 0x0000, 0x0000, 0x0000, 0x0000, 0x0000, 0x0000, 0x0000, 0x0000, 0x0000,
  0x0000, 0x0000, 0x0000, 0x0000, 0x0000, 0x0000, 0x0000, 0x18C1, 0x73E8, 0xC6AE, 0xCF2F, 0xCF2F,
  0xCF2F, 0xCF2F, 0xCF2F, 0xCF2F, 0xCF2F, 0xCF2F, 0xCF2F, 0xCF2F, 0xCF2F, 0xCF2F, 0xCF2F, 0xCF2F,
  0xCF2F, 0xCF2F, 0xCF2F, 0xCF2F, 0xCF2F, 0xCF2F, 0xCF2F, 0xADCC, 0x4AA5, 0x0020, 0x0000, 0x0000,
  0x0000, 0x0000, 0x0000, 0x0000, 0x0000, 0x0000, 0x0000, 0x0000, 0x0000, 0x0000, 0x0000, 0x0000,
  0x0000, 0x0000, 0x0000, 0x0000, 0x0000, 0x0000, 0x0000, 0x0000, 0x0000, 0x0000, 0x0000, 0x0000,
  0x0000, 0x0000, 0x0000, 0x0000, 0x0000, 0x0000, 0x0000, 0x0000, 0x0000, 0x0000, 0x0000, 0x0000,
  0x0000, 0x0000, 0x0000, 0x0000, 0x0000, 0x0000, 0x0000, 0x0000, 0x0000, 0x0000, 0x0000, 0x0000,
  0x0000, 0x0000, 0x0000, 0x0000, 0x0000, 0x0000, 0x0000, 0x0000, 0x0000, 0x0000, 0x0000, 0x0000,
  0x0000, 0x0000, 0x0000, 0x0000, 0x0000, 0x0000, 0x0000, 0x0000, 0x0000, 0x0000, 0x0000, 0x0000,
  0x0000, 0x0000, 0x0000, 0x0000, 0x0000, 0x0000, 0x0000, 0x0000, 0x0000, 0x0000, 0x0000, 0x0000,
  0x0000, 0x0000, 0x0000, 0x0000, 0x0000, 0x0000, 0x0000, 0x0000, 0x0000, 0x0000, 0x0000, 0x0000,
  0x0000, 0x0000, 0x0000, 0x0000, 0x0000, 0x0000, 0x0000, 0x0000, 0x0000, 0x0000, 0x0000, 0x0000,
  0x0000, 0x0000, 0x0000, 0x0000, 0x0000, 0x0000, 0x0000, 0x0000, 0x0000, 0x0000, 0x0000, 0x0000,
  0x0000, 0x0000, 0x0000, 0x0000, 0x0000, 0x0000, 0x0000, 0x0000, 0x0000, 0x0000, 0x0000, 0x0000,
  0x0000, 0x0000, 0x0000, 0x0000, 0x0000, 0x0000, 0x0000, 0x0000, 0x0000, 0x0000, 0x0000, 0x0000,
  0x0000, 0x0000, 0x0000, 0x0000, 0x0000, 0x0000, 0x0000, 0x0000, 0x0000, 0x0000, 0x0000, 0x0000,
  0x0000, 0x0000, 0x0000, 0x0000, 0x0000, 0x0000, 0x0000, 0x0000, 0x0000, 0x0000, 0x0000, 0x0000,
  0x0000, 0x0000, 0x0000, 0x0000, 0x0000, 0x0000, 0x0000, 0x0000, 0x0000, 0x0000, 0x0000, 0x0000,
  0x0000, 0x0000, 0x0000, 0x0000, 0x0000, 0x10C1, 0x8469, 0xCF0E, 0xCF2F, 0xCF2F, 0xCF2F, 0xCF2F,
  0xCF2F, 0xCF2F, 0xCF2F, 0xCF2F, 0xCF2F, 0xCF2F, 0xCF2F, 0xCF2F, 0xCF2F, 0xCF2F, 0xCF2F, 0xCF2F,
  0xCF2F, 0xCF2F, 0xCF2F, 0xCF2F, 0xCF2F, 0xCF2F, 0xCF2F, 0xCF2F, 0xCF2F, 0xBE6D, 0x52E6, 0x0000,
  0x0000, 0x0000, 0x0000, 0x0000, 0x0000, 0x0000, 0x0000, 0x0000, 0x0000, 0x0000, 0x0000, 0x0000,
  0x0000, 0x0000, 0x0000, 0x0000, 0x0000, 0x0000, 0x0000, 0x0000, 0x0000, 0x0000, 0x0000, 0x0000,
  0x0000, 0x0000, 0x0000, 0x0000, 0x0000, 0x0000, 0x0000, 0x0000, 0x0000, 0x0000, 0x0000, 0x0000,
  0x0000, 0x0000, 0x0000, 0x0000, 0x0000, 0x0000, 0x0000, 0x0000, 0x0000, 0x0000, 0x0000, 0x0000,
  0x0000, 0x0000, 0x0000, 0x0000, 0x0000, 0x0000, 0x0000, 0x0000, 0x0000, 0x0000, 0x0000, 0x0000,
  0x0000, 0x0000, 0x0000, 0x0000, 0x0000, 0x0000, 0x0000, 0x0000, 0x0000, 0x0000, 0x0000, 0x0000,
  0x0000, 0x0000, 0x0000, 0x0000, 0x0000, 0x0000, 0x0000, 0x0000, 0x0000, 0x0000, 0x0000, 0x0000,
  0x0000, 0x0000, 0x0000, 0x0000, 0x0000, 0x0000, 0x0000, 0x0000, 0x0000, 0x0000, 0x0000, 0x0000,
  0x0000, 0x0000, 0x0000, 0x0000, 0x0000, 0x0000, 0x0000, 0x0000, 0x0000, 0x0000, 0x0000, 0x0000,
  0x0000, 0x0000, 0x0000, 0x0000, 0x0000, 0x0000, 0x0000, 0x0000, 0x0000, 0x0000, 0x0000, 0x0000,
  0x0000, 0x0000, 0x0000, 0x0000, 0x0000, 0x0000, 0x0000, 0x0000, 0x0000, 0x0000, 0x0000, 0x0000,
  0x0000, 0x0000, 0x0000, 0x0000, 0x0000, 0x0000, 0x0000, 0x0000, 0x0000, 0x0000, 0x0000, 0x0000,
  0x0000, 0x0000, 0x0000, 0x0000, 0x0000, 0x0000, 0x0000, 0x0000, 0x0000, 0x0000, 0x0000, 0x0000,
  0x0000, 0x0000, 0x0000, 0x0000, 0x0000, 0x0000, 0x0000, 0x0000, 0x0000, 0x0000, 0x0000, 0x0000,
  0x0000, 0x0000, 0x0000, 0x0000, 0x0000, 0x0000, 0x0000, 0x0000, 0x0000, 0x0000, 0x0000, 0x0000,
  0x0000, 0x0000, 0x0000, 0x0000, 0x0881, 0xADEC, 0xCF2F, 0xCF2F, 0xCF2F, 0xCF2F, 0xCF2F, 0xCF2F,
  0xCF2F, 0xCF2F, 0xCF2F, 0xB64D, 0x950A, 0x7C28, 0x6367, 0x5B26, 0x5306, 0x5B46, 0x6BA7, 0x8489,
  0x9D6B, 0xC6CE, 0xCF2F, 0xCF2F, 0xCF2F, 0xCF2F, 0xCF2F, 0xCF2F, 0xCF2F, 0xCF2F, 0xCF2F, 0x6BC7,
  0x0000, 0x0000, 0x0000, 0x0000, 0x0000, 0x0000, 0x0000, 0x0000, 0x0000, 0x0000, 0x0000, 0x0000,
  0x0000, 0x0000, 0x0000, 0x0000, 0x0000, 0x0000, 0x0000, 0x0000, 0x0000, 0x0000, 0x0000, 0x0000,
  0x0000, 0x0000, 0x0000, 0x0000, 0x0000, 0x0000, 0x0000, 0x0000, 0x0000, 0x0000, 0x0000, 0x0000,
  0x0000, 0x0000, 0x0000, 0x0000, 0x0000, 0x0000, 0x0000, 0x0000, 0x0000, 0x0000, 0x0000, 0x0000,
  0x0000, 0x0000, 0x0000, 0x0000, 0x0000, 0x0000, 0x0000, 0x0000, 0x0000, 0x0000, 0x0000, 0x0000,
  0x0000, 0x0000, 0x0000, 0x0000, 0x0000, 0x0000, 0x0000, 0x0000, 0x0000, 0x0000, 0x0000, 0x0000,
  0x0000, 0x0000, 0x0000, 0x0000, 0x0000, 0x0000, 0x0000, 0x0000, 0x0000, 0x0000, 0x0000, 0x0000,
  0x0000, 0x0000, 0x0000, 0x0000, 0x0000, 0x0000, 0x0000, 0x0000, 0x0000, 0x0000, 0x0000, 0x0000,
  0x0000, 0x0000, 0x0000, 0x0000, 0x0000, 0x0000, 0x0000, 0x0000, 0x0000, 0x0000, 0x0000, 0x0000,
  0x0000, 0x0000, 0x0000, 0x0000, 0x0000, 0x0000, 0x0000, 0x0000, 0x0000, 0x0000, 0x0000, 0x0000,
  0x0000, 0x0000, 0x0000, 0x0000, 0x0000, 0x0000, 0x0000, 0x0000, 0x0000, 0x0000, 0x0000, 0x0000,
  0x0000, 0x0000, 0x0000, 0x0000, 0x0000, 0x0000, 0x0000, 0x0000, 0x0000, 0x0000, 0x0000, 0x0000,
  0x0000, 0x0000, 0x0000, 0x0000, 0x0000, 0x0000, 0x0000, 0x0000, 0x0000, 0x0000, 0x0000, 0x0000,
  0x0000, 0x0000, 0x0000, 0x0000, 0x0000, 0x0000, 0x0000, 0x0000, 0x0000, 0x0000, 0x0000, 0x0000,
  0x0000, 0x0000, 0x0000, 0x0000, 0x0000, 0x0000, 0x0000, 0x0000, 0x0000, 0x0000, 0x0000, 0x0000,
  0x0000, 0x0000, 0x0000, 0x0000, 0x0000, 0x0020, 0x5B26, 0xBE8D, 0xCF2F, 0xCF2F, 0xCF2F, 0xC6AE,
  0x84A9, 0x4265, 0x10A1, 0x0000, 0x0000, 0x0000, 0x0000, 0x0000, 0x0000, 0x0000, 0x0000, 0x0000,
  0x0000, 0x0000, 0x2142, 0x5B26, 0x9D6B, 0xCF0E, 0xCF2F, 0xCF2F, 0xCF2F, 0x9D8B, 0x31A3, 0x0000,
  0x0000, 0x0000, 0x0000, 0x0000, 0x0000, 0x0000, 0x0000, 0x0000, 0x0000, 0x0000, 0x0000, 0x0000,
  0x0000, 0x0000, 0x0000, 0x0000, 0x0000, 0x0000, 0x0000, 0x0000, 0x0000, 0x0000, 0x0000, 0x0000,
  0x0000, 0x0000, 0x0000, 0x0000, 0x0000, 0x0000, 0x0000, 0x0000, 0x0000, 0x0000, 0x0000, 0x0000,
  0x0000, 0x0000, 0x0000, 0x0000, 0x0000, 0x0000, 0x0000, 0x0000, 0x0000, 0x0000, 0x0000, 0x0000,
  0x0000, 0x0000, 0x0000, 0x0000, 0x0000, 0x0000, 0x0000, 0x0000, 0x0000, 0x0000, 0x0000, 0x0000,
  0x0000, 0x0000, 0x0000, 0x0000, 0x0000, 0x0000, 0x0000, 0x0000, 0x0000, 0x0000, 0x0000, 0x0000,
  0x0000, 0x0000, 0x0000, 0x0000, 0x0000, 0x0000, 0x0000, 0x0000, 0x0000, 0x0000, 0x0000, 0x0000,
  0x0000, 0x0000, 0x0000, 0x0000, 0x0000, 0x0000, 0x0000, 0x0000, 0x0000, 0x0000, 0x0000, 0x0000,
  0x0000, 0x0000, 0x0000, 0x0000, 0x0000, 0x0000, 0x0000, 0x0000, 0x0000, 0x0000, 0x0000, 0x0000,
  0x0000, 0x0000, 0x0000, 0x0000, 0x0000, 0x0000, 0x0000, 0x0000, 0x0000, 0x0000, 0x0000, 0x0000,
  0x0000, 0x0000, 0x0000, 0x0000, 0x0000, 0x0000, 0x0000, 0x0000, 0x0000, 0x0000, 0x0000, 0x0000,
  0x0000, 0x0000, 0x0000, 0x0000, 0x0000, 0x0000, 0x0000, 0x0000, 0x0000, 0x0000, 0x0000, 0x0000,
  0x0000, 0x0000, 0x0000, 0x0000, 0x0000, 0x0000, 0x0000, 0x0000, 0x0000, 0x0000, 0x0000, 0x0000,
  0x0000, 0x0000, 0x0000, 0x0000, 0x0000, 0x0000, 0x0000, 0x0000, 0x0000, 0x0000, 0x0000, 0x0000,
  0x0000, 0x0000, 0x0000, 0x0000, 0x0000, 0x0000, 0x0000, 0x0000, 0x0000, 0x0000, 0x0000, 0x0000,
  0x0000, 0x0000, 0x0000, 0x0000, 0x0000, 0x0000, 0x0000, 0x0020, 0x4AA5, 0x8CEA, 0x4AA5, 0x0020,
  0x0000, 0x0000, 0x0000, 0x0000, 0x0000, 0x0000, 0x0000, 0x0000, 0x0000, 0x0000, 0x0000, 0x0000,
  0x0000, 0x0000, 0x0000, 0x0000, 0x0000, 0x18E1, 0x6BC7, 0x8489, 0x2983, 0x0000, 0x0000, 0x0000,
  0x0000, 0x0000, 0x0000, 0x0000, 0x0000, 0x0000, 0x0000, 0x0000, 0x0000, 0x0000, 0x0000, 0x0000,
  0x0000, 0x0000, 0x0000, 0x0000, 0x0000, 0x0000, 0x0000, 0x0000, 0x0000, 0x0000, 0x0000, 0x0000,
  0x0000, 0x0000, 0x0000, 0x0000, 0x0000, 0x0000, 0x0000, 0x0000, 0x0000, 0x0000, 0x0000, 0x0000,
  0x0000, 0x0000, 0x0000, 0x0000, 0x0000, 0x0000, 0x0000, 0x0000, 0x0000, 0x0000, 0x0000, 0x0000,
  0x0000, 0x0000, 0x0000, 0x0000, 0x0000, 0x0000, 0x0000, 0x0000, 0x0000, 0x0000, 0x0000, 0x0000,
  0x0000, 0x0000, 0x0000, 0x0000, 0x0000, 0x0000, 0x0000, 0x0000, 0x0000, 0x0000, 0x0000, 0x0000,
  0x0000, 0x0000, 0x0000, 0x0000, 0x0000, 0x0000, 0x0000, 0x0000, 0x0000, 0x0000, 0x0000, 0x0000,
  0x0000, 0x0000, 0x0000, 0x0000, 0x0000, 0x0000, 0x0000, 0x0000, 0x0000, 0x0000, 0x0000, 0x0000,
  0x0000, 0x0000, 0x0000, 0x0000, 0x0000, 0x0000, 0x0000, 0x0000, 0x0000, 0x0000, 0x0000, 0x0000,
  0x0000, 0x0000, 0x0000, 0x0000, 0x0000, 0x0000, 0x0000, 0x0000, 0x0000, 0x0000, 0x0000, 0x0000,
  0x0000, 0x0000, 0x0000, 0x0000, 0x0000, 0x0000, 0x0000, 0x0000, 0x0000, 0x0000, 0x0000, 0x0000,
  0x0000, 0x0000, 0x0000, 0x0000, 0x0000, 0x0000, 0x0000, 0x0000, 0x0000, 0x0000, 0x0000, 0x0000,
  0x0000, 0x0000, 0x0000, 0x0000, 0x0000, 0x0000, 0x0000, 0x0000, 0x0000, 0x0000, 0x0000, 0x0000,
  0x0000, 0x0000, 0x0000, 0x0000, 0x0000, 0x0000, 0x0000, 0x0000, 0x0000, 0x0000, 0x0000, 0x0000,
  0x0000, 0x0000, 0x0000, 0x0000, 0x0000, 0x0000, 0x0000, 0x0000, 0x0000, 0x0000, 0x0000, 0x0000,
  0x0000, 0x0000, 0x0000, 0x0000, 0x0000, 0x0000, 0x0000, 0x0000, 0x0000, 0x0000, 0x0000, 0x0000,
  0x0000, 0x0000, 0x0000, 0x0000, 0x0000, 0x0000, 0x0000, 0x0000, 0x0000, 0x0000, 0x0000, 0x0000,
  0x0000, 0x0000, 0x0000, 0x0000, 0x0000, 0x0000, 0x0000, 0x0000, 0x0000, 0x0000, 0x0000, 0x0000,
  0x0000, 0x0000, 0x0000, 0x0000, 0x0000, 0x0000, 0x0000, 0x0000, 0x0000, 0x0000, 0x0000, 0x0000,
  0x0000, 0x0000, 0x0000, 0x0000, 0x0000, 0x0000, 0x0000, 0x0000, 0x0000, 0x0000, 0x0000, 0x0000,
  0x0000, 0x0000, 0x0000, 0x0000, 0x0000, 0x0000, 0x0000, 0x0000, 0x0000, 0x0000, 0x0000, 0x0000,
  0x0000, 0x0000, 0x0000, 0x0000, 0x0000, 0x0000, 0x0000, 0x0000, 0x0000, 0x0000, 0x0000, 0x0000,
  0x0000, 0x0000, 0x0000, 0x0000, 0x0000, 0x0000, 0x0000, 0x0000, 0x0000, 0x0000, 0x0000, 0x0000,
  0x0000, 0x0000, 0x0000, 0x0000, 0x0000, 0x0000, 0x0000, 0x0000, 0x0000, 0x0000, 0x0000, 0x0000,
  0x0000, 0x0000, 0x0000, 0x0000, 0x0000, 0x0000, 0x0000, 0x0000, 0x0000, 0x0000, 0x0000, 0x0000,
  0x0000, 0x0000, 0x0000, 0x0000, 0x0000, 0x0000, 0x0000, 0x0000, 0x0000, 0x0000, 0x0000, 0x0000,
  0x0000, 0x0000, 0x0000, 0x0000, 0x0000, 0x0000, 0x0000, 0x0000, 0x0000, 0x0000, 0x0000, 0x0000,
  0x0000, 0x0000, 0x0000, 0x0000, 0x0000, 0x0000, 0x0000, 0x0000, 0x0000, 0x0000, 0x0000, 0x0000,
  0x0000, 0x0000, 0x0000, 0x0000, 0x0000, 0x0000, 0x0000, 0x0000, 0x0000, 0x0000, 0x0000, 0x0000,
  0x0000, 0x0000, 0x0000, 0x0000, 0x0000, 0x0000, 0x0000, 0x0000, 0x0000, 0x0000, 0x0000, 0x0000,
  0x0000, 0x0000, 0x0000, 0x0000, 0x0000, 0x0000, 0x0000, 0x0000, 0x0000, 0x0000, 0x0000, 0x0000,
  0x0000, 0x0000, 0x0000, 0x0000, 0x0000, 0x0000, 0x0000, 0x0000, 0x0000, 0x0000, 0x0000, 0x0000
};
